pin,class,lat,lon,address
16051030010000,318,41.90881133,-87.78066365,6149 NORTH AVE
16051040070000,318,41.90888218,-87.77842089,6101 NORTH AVE
16051050010000,212,41.9088874,-87.77803968,6051 NORTH AVE
16051050080000,391,41.90900467,-87.77744398,6033 NORTH AVE
16051050090000,391,41.90900587,-87.77709798,6033 NORTH AVE
16051050340000,212,41.90902531,-87.77763022,6043 NORTH AVE
16051050380000,212,41.90894743,-87.77795803,6049 W NORTH AVE
16051060190000,315,41.90863444,-87.77593126,1530 N AUSTIN BLVD
16051060220000,211,41.90830533,-87.7759391,1522 N AUSTIN BLVD 2
16051060230000,211,41.90821436,-87.77593108,1520 N AUSTIN BLVD
16051060250000,211,41.9080313,-87.77592207,1514 N AUSTIN BLVD 1
16051120220000,211,41.90642168,-87.77713227,1113 N HUMPHREY AVE
16051130190000,211,41.90692502,-87.77587994,1428 N AUSTIN BLVD
16051130200000,211,41.90682113,-87.77588085,1426 N AUSTIN BLVD
16051130210000,211,41.90671076,-87.77588181,1424 N AUSTIN BLVD
16051130220000,211,41.90661335,-87.77588266,1420 N AUSTIN BLVD 1
16051130230000,211,41.90652234,-87.77586641,1416 N AUSTIN BLVD
16051130240000,315,41.90634872,-87.77583938,1414 N AUSTIN BLVD
16051130250000,211,41.90625609,-87.77583349,1410 N AUSTIN BLVD
16051130260000,211,41.9061782,-87.77585179,1406 N AUSTIN BLVD 1
16051130270000,211,41.90609395,-87.77584371,1404 N AUSTIN BLVD 1
16051200200000,315,41.90569794,-87.77569771,1350 N AUSTIN BLVD
16051200230000,211,41.90538056,-87.77581083,1340 N AUSTIN BLVD
16051200250000,211,41.90515698,-87.77579314,1336 N AUSTIN BLVD
16051200260000,211,41.90503971,-87.77578925,1332 N AUSTIN BLVD 2
16051200270000,211,41.90492612,-87.77578534,1328 N AUSTIN BLVD 2
16051200280000,211,41.9048089,-87.77579126,1324 N AUSTIN BLVD
16051200290000,211,41.90467684,-87.77575868,1322 N AUSTIN BLVD
16051200300000,211,41.90459976,-87.77572991,1320 N AUSTIN BLVD
16051200310000,211,41.90450814,-87.7757258,1316 N AUSTIN BLVD 2
16051270240000,211,41.90331252,-87.77572599,1238 N AUSTIN BLVD
16051270250000,211,41.90314245,-87.77570919,1232 N AUSTIN BLVD
16051270260000,315,41.90302652,-87.7758679,1228 N AUSTIN BLVD
16053030290000,211,41.90105269,-87.78048688,829 N LOMBARD AVE
16053040230000,211,41.90112117,-87.77929925,827 HAYES AVE
16053070190000,211,41.9017316,-87.77558677,1144 N AUSTIN BLVD
16053070280000,211,41.9008573,-87.7755425,1118 N AUSTIN BLVD
16053070340000,315,41.90034949,-87.77550105,1100 N AUSTIN BLVD
16053080130000,211,41.89859199,-87.78470146,706 N RIDGELAND AVE
16053100160000,212,41.89842061,-87.78145516,700 N HARVEY AVE
16053120280000,211,41.89890806,-87.77799334,715 N TAYLOR AVE
16053120310000,211,41.8984655,-87.77798451,701 N TAYLOR AVE 1N
16053130300000,211,41.89845868,-87.77678659,701 N HUMPHREY AVE
16053140230000,211,41.89934586,-87.77558453,1028 N AUSTIN BLVD
16053140240000,315,41.89919937,-87.77552769,1022 N AUSTIN BLVD
16053140250000,315,41.89902338,-87.77553085,1018 N AUSTIN BLVD
16053140280000,211,41.89866997,-87.77554275,1004 N AUSTIN BLVD 1
16053140290000,211,41.89858184,-87.77553478,1002 N AUSTIN BLVD 1
16053140300000,315,41.89848524,-87.77545567,1000 N AUSTIN BLVD
16053150260000,211,41.89677799,-87.7836041,607 N CUYLER AVE
16053150290000,211,41.89654677,-87.78360608,601 N CUYLER AVE
16053150310000,211,41.89664219,-87.78421035,316 IOWA ST
16053160220000,211,41.89746914,-87.78203697,627 N HARVEY AVE
16053170230000,211,41.89814186,-87.78043277,645 N LOMBARD AVE
16053170270000,211,41.89765186,-87.78046585,633 N LOMBARD AVE
16053180230000,211,41.89751182,-87.77877292,627 N TAYLOR AVE
16053180250000,211,41.89727687,-87.77876184,621 N TAYLOR AVE
16053190110000,211,41.89714998,-87.77815559,616 N TAYLOR AVE
16053190120000,211,41.89704235,-87.77816089,614 N TAYLOR AVE
16053190210000,211,41.89789889,-87.77718783,639 N HUMPHREY AVE
16053190220000,211,41.89776844,-87.7771977,633 N HUMPHREY AVE 1 2
16053190240000,211,41.89750082,-87.77717381,627 N HUMPHREY AVE
16053190270000,211,41.89720061,-87.77715893,619 N HUMPHREY AVE
16053190290000,211,41.89695254,-87.7771305,611 N HUMPHREY AVE 1
16053190300000,211,41.89670607,-87.77755435,50 IOWA ST
16053190310000,211,41.89683205,-87.77714352,607 N HUMPHREY AVE
16053190320000,211,41.89673594,-87.77713006,605 N HUMPHREY AVE
16053190330000,211,41.89663992,-87.77713566,601 N HUMPHREY AVE
16053200010000,211,41.89822316,-87.77659077,646 N HUMPHREY AVE
16053200090000,211,41.89767467,-87.77650378,630 N HUMPHREY AVE
16053200100000,211,41.89758324,-87.77648709,628 N HUMPHREY AVE
16053200110000,211,41.89747902,-87.77652296,626 N HUMPHREY AVE
16053200120000,211,41.89739421,-87.77652369,624 N HUMPHREY AVE
16053200210000,211,41.89672021,-87.77608722,16 IOWA ST
16053200230000,315,41.89821909,-87.77567689,948 N AUSTIN BLVD
16053200280000,315,41.89768412,-87.77557047,930 N AUSTIN BLVD
16053200290000,211,41.89752868,-87.77551922,928 N AUSTIN BLVD
16053200300000,211,41.89738199,-87.77554234,924 N AUSTIN BLVD
16053200350000,315,41.89665946,-87.77592297,900 N AUSTIN BLVD
16053210180000,211,41.89531266,-87.78366442,519 N CUYLER AVE
16053210280000,212,41.89475503,-87.78383904,310 CHICAGO AVE
16053210320000,314,41.89483522,-87.78407044,318 CHICAGO AVE
16053220090000,211,41.89524845,-87.78293177,516 N CUYLER AVE 2
16053220160000,211,41.89553231,-87.78203835,525 N HARVEY AVE 2
16053220170000,211,41.89538628,-87.78200148,521 N HARVEY AVE
16053220190000,314,41.8950646,-87.78308006,508 N CUYLER AVE
16053230030000,211,41.89608401,-87.7813618,540 N HARVEY AVE
16053230140000,211,41.89585948,-87.78038182,531 N LOMBARD AVE
16053230180000,211,41.89529365,-87.7803729,515 N LOMBARD AVE
16053230220000,211,41.89487238,-87.78092426,216 CHICAGO AVE
16053230230000,211,41.89480064,-87.78080101,214 CHICAGO AVE
16053230250000,318,41.89480496,-87.78025636,202 CHICAGO AVE
16053240060000,211,41.89580206,-87.77969191,532 N LOMBARD AVE
16053240080000,211,41.89563131,-87.77969338,526 N LOMBARD AVE
16053240090000,211,41.89552815,-87.77969427,524 N LOMBARD AVE
16053240250000,212,41.89482884,-87.77926677,116 CHICAGO AVE
16053240260000,212,41.89482838,-87.77917148,114 CHICAGO AVE
16053240270000,212,41.89482794,-87.77908096,112 CHICAGO AVE
16053240280000,212,41.89482744,-87.77897615,110 CHICAGO AVE
16053240300000,212,41.89484573,-87.77981927,130 CHICAGO AVE
16053240310000,212,41.89483469,-87.77974314,128 CHICAGO AVE
16053240320000,211,41.89513545,-87.77867335,511 N TAYLOR AVE
16053250030000,211,41.89615005,-87.77809284,538 N TAYLOR AVE
16053250040000,211,41.89602209,-87.77810824,536 N TAYLOR AVE
16053250050000,211,41.8958726,-87.77809047,530 N TAYLOR AVE
16053250060000,211,41.89574107,-87.77811067,528 N TAYLOR AVE
16053250090000,211,41.89533541,-87.77808559,516 N TAYLOR AVE
16053250110000,315,41.89634258,-87.77740013,545 N HUMPHREY AVE
16053250130000,211,41.8960244,-87.7771172,537 N HUMPHREY AVE
16053250170000,211,41.89561169,-87.77710648,525 N HUMPHREY AVE
16053250190000,211,41.89541939,-87.77706527,519 N HUMPHREY AVE
16053250200000,211,41.89534825,-87.77706589,517 N HUMPHREY AVE
16053250210000,211,41.89528438,-87.7770998,515 N HUMPHREY AVE
16053250230000,318,41.89492809,-87.7776824,56 CHICAGO AVE
16053250240000,314,41.89491327,-87.77758899,50 CHICAGO AVE
16053250250000,211,41.89491251,-87.77743177,48 CHICAGO AVE
16053260070000,211,41.89566546,-87.77646804,526 N HUMPHREY AVE
16053260080000,211,41.89556233,-87.7764737,522 N HUMPHREY AVE
16053260120000,211,41.89639004,-87.77549929,848 N AUSTIN BLVD
16053260140000,211,41.89615884,-87.77550607,840 N AUSTIN BLVD
16053260150000,211,41.89605902,-87.775464,836 N AUSTIN BLVD
16053260230000,314,41.89515664,-87.77644375,510 N HUMPHREY AVE
16053260380000,212,41.89487381,-87.77564572,2 CHICAGO AVE
16061020050000,212,41.9087152,-87.80207313,7017 NORTH AVE
16061020120000,318,41.90870576,-87.80145934,7003 NORTH AVE
16061020130000,318,41.90870746,-87.80136935,7001 NORTH AVE
16061030120000,318,41.90876982,-87.79996534,6935 NORTH AVE
16061030130000,318,41.9085166,-87.79990685,6933 NORTH AVE
16061030140000,318,41.908614,-87.79978097,6931 NORTH AVE
16061030400000,318,41.90875851,-87.80073315,6951 NORTH AVE
16061040110000,212,41.90873644,-87.79852167,6905 NORTH AVE
16061040120000,212,41.90868091,-87.79840097,6901 NORTH AVE
16061050040000,212,41.90872166,-87.79753695,6851 NORTH AVE
16061070830000,211,41.90642221,-87.80526414,1431 N HARLEM AVE
16061130070000,211,41.90423159,-87.80517715,1321 N HARLEM AVE
16061130260000,211,41.90440563,-87.80514994,1327 N HARLEM AVE 1
16061130300000,211,41.90380997,-87.80516214,1307 N HARLEM AVE
16061130310000,314,41.90367574,-87.80509162,1305 N HARLEM AVE
16061130320000,211,41.90507564,-87.80518827,1345 N HARLEM AVE
16062000040000,212,41.90878487,-87.79460476,6739 NORTH AVE
16062010030000,212,41.90879284,-87.79347732,6717 NORTH AVE
16062030010000,212,41.90881124,-87.79122245,6619 NORTH AVE
16062030020000,212,41.90881722,-87.79111786,6617 NORTH AVE
16062030060000,315,41.90891244,-87.7907512,6609 NORTH AVE
16062030070000,315,41.90891074,-87.79072195,6607 NORTH AVE
16062030080000,315,41.90879769,-87.79058498,6605 NORTH AVE
16062030090000,315,41.90892589,-87.79046059,6603 NORTH AVE
16062030100000,212,41.90872905,-87.79036671,6601 NORTH AVE
16062040010000,318,41.90888217,-87.79004477,6557 NORTH AVE
16062040020000,318,41.90889387,-87.78994109,6555 NORTH AVE
16062040030000,318,41.9088037,-87.78988862,6553 NORTH AVE
16062040100000,212,41.9088717,-87.78920086,6539 NORTH AVE
16062040110000,212,41.90885181,-87.78910529,6537 NORTH AVE
16062040130000,212,41.90873188,-87.78890795,6533 NORTH AVE
16063000080000,211,41.900367,-87.80508689,1117 N HARLEM AVE
16063010140000,211,41.9000111,-87.80357791,804 N MARION ST
16063010190000,211,41.90090021,-87.80277807,831 BELLEFORTE AVE 2
16063010230000,211,41.90030643,-87.80284517,813 BELLEFORTE AVE
16063010240000,211,41.90017252,-87.80282238,811 BELLEFORTE AVE
16063010310000,211,41.89992614,-87.80326331,1050 THOMAS ST
16063020070000,211,41.90052441,-87.80214556,820 BELLEFORTE AVE 2
16063020090000,211,41.90043075,-87.80214633,818 BELLEFORTE AVE
16063020100000,211,41.90031832,-87.8021377,812 BELLEFORTE AVE
16063020280000,211,41.90033073,-87.80121199,813 FOREST AVE
16063030090000,211,41.90034462,-87.80063708,814 FOREST AVE
16063070030000,211,41.89905647,-87.80505105,1029 N HARLEM AVE
16063070040000,211,41.8989583,-87.80503992,1027 N HARLEM AVE
16063070060000,211,41.89876211,-87.80505348,1021 N HARLEM AVE
16063070070000,211,41.89867283,-87.80503629,1017 N HARLEM AVE
16063070080000,211,41.89857028,-87.80504311,1015 N HARLEM AVE
16063070130000,211,41.89932235,-87.80417918,739 N MARION ST
16063070290000,211,41.89915019,-87.80506223,1031 N HARLEM AVE
16063080030000,211,41.89917994,-87.80356986,734 N MARION ST
16063080050000,211,41.89897396,-87.80357157,728 N MARION ST
16063080060000,211,41.89886251,-87.80355012,724 N MARION ST
16063080070000,211,41.89874169,-87.80363815,720 N MARION ST
16063080290000,211,41.89811629,-87.80316642,1050 AUGUSTA ST 1
16063090050000,211,41.89889385,-87.80208786,724 BELLEFORTE AVE
16063090330000,211,41.89948693,-87.80213264,740 BELLEFORTE AVE
16063110180000,211,41.89926619,-87.79819882,733 N KENILWORTH AVE
16063110230000,211,41.89864598,-87.79814426,715 N KENILWORTH AVE
16063120180000,211,41.8996227,-87.79663309,741 N GROVE AVE
16063130040000,211,41.89943468,-87.79599662,738 N GROVE AVE
16063130140000,211,41.89853762,-87.79597956,712 N GROVE AVE 1
16063140030000,211,41.89764113,-87.80481808,1129 AUGUSTA ST
16063140210000,211,41.89726561,-87.80361056,627 N MARION ST
16063140220000,211,41.89762716,-87.80514249,1137 AUGUSTA ST
16063140230000,211,41.89763108,-87.80496949,1135 AUGUSTA ST
16063150050000,211,41.89691809,-87.8046031,1127 MILLER AVE
16063150110000,211,41.89649048,-87.80439063,1122 SCHNEIDER AVE
16063160190000,211,41.89558228,-87.80382889,1112 PAULINA ST
16063160260000,211,41.89610947,-87.80472032,1129 SCHNEIDER AVE 1
16063170100000,211,41.89512734,-87.80343474,527 N MARION ST
16063170170000,212,41.89455982,-87.80428749,1122 CHICAGO AVE
16063170180000,211,41.89446821,-87.80417388,1120 CHICAGO AVE
16063170230000,211,41.89463254,-87.80350411,509 N MARION ST
16063170240000,318,41.89440812,-87.80351716,1104 CHICAGO AVE
16063170280000,211,41.89513058,-87.80418901,1119 PAULINA ST
16063180190000,211,41.89537344,-87.80302441,528 N MARION ST
16063180220000,211,41.89498925,-87.802956,516 N MARION ST
16063180250000,212,41.89448205,-87.80290733,1046 CHICAGO AVE
16063180440000,211,41.89570544,-87.8023003,539 BELLEFORTE AVE 1
16063180460000,211,41.89543574,-87.80229559,531 BELLEFORTE AVE
16063180530000,315,41.89462599,-87.80247432,1040 CHICAGO AVE
16063180540000,315,41.89461338,-87.80221138,1030 CHICAGO AVE
16063180550000,211,41.89503783,-87.80232396,519 BELLEFORTE AVE
16063190260000,211,41.89502066,-87.80162475,518 BELLEFORTE AVE
16063190470000,211,41.89511604,-87.8010217,521 FOREST AVE
16063190530000,211,41.89769629,-87.80097039,645 FOREST AVE
16063190550000,211,41.89459833,-87.8015378,1018 CHICAGO AVE
16063190560000,211,41.89460411,-87.8013861,1016 CHICAGO AVE
16063190580000,211,41.89484591,-87.80091235,515 FOREST AVE 1
16063190590000,211,41.89471214,-87.80091346,511 FOREST AVE
16063190600000,211,41.89455275,-87.80091479,505 FOREST AVE
16063200440000,211,41.89504077,-87.79948849,519 WOODBINE AVE
16063200470000,211,41.89463319,-87.79985217,948 CHICAGO AVE
16063200510000,211,41.89492939,-87.79940936,515 WOODBINE AVE
16063200580000,211,41.89463416,-87.80006183,950 CHICAGO AVE
16063200590000,211,41.89486058,-87.80039743,510 FOREST AVE
16063200600000,211,41.89471238,-87.80035672,506 FOREST AVE
16063200610000,211,41.89455872,-87.80036563,500 FOREST AVE
16063210040000,211,41.89778038,-87.79871923,919 AUGUSTA ST
16063210050000,211,41.89777974,-87.7985826,915 AUGUSTA ST
16063210170000,211,41.89632092,-87.79884478,604 WOODBINE AVE
16063210390000,211,41.89639443,-87.79812649,605 N KENILWORTH AVE
16063210420000,211,41.8958939,-87.79812327,541 N KENILWORTH AVE
16063210430000,211,41.89578277,-87.79809751,539 N KENILWORTH AVE
16063210460000,211,41.89534436,-87.79808211,523 N KENILWORTH AVE
16063210480000,211,41.89602207,-87.79814126,545 N KENILWORTH AVE
16063220100000,211,41.89631758,-87.79742552,600 N KENILWORTH AVE
16063230220000,211,41.89720951,-87.79514834,625 N OAK PARK AVE
16063240250000,211,41.89585024,-87.7974036,540 N KENILWORTH AVE
16063250040000,211,41.89566518,-87.79589545,534 N GROVE AVE
16063250060000,211,41.89535018,-87.79586576,524 N GROVE AVE
16064040030000,211,41.9013794,-87.78957889,842 N EAST AVE
16064120010000,211,41.8997055,-87.78623285,744 N ELMWOOD AVE
16064160060000,211,41.8971694,-87.7894164,622 N EAST AVE
16064190030000,211,41.89582856,-87.79430739,536 N OAK PARK AVE
16064230150000,211,41.89592589,-87.78693213,541 N ELMWOOD AVE
16064240190000,211,41.89540585,-87.7853073,525 N RIDGELAND AVE
16071000100000,211,41.89380552,-87.80419113,425 N MAPLE AVE
16071010080000,318,41.89413725,-87.80326315,1101 CHICAGO AVE
16071010090000,212,41.89388204,-87.8030182,421 N MARION ST
16071010120000,211,41.89366581,-87.80303905,415 N MARION ST
16071010130000,211,41.89359748,-87.80303581,413 N MARION ST
16071010150000,211,41.89339457,-87.80302896,407 N MARION ST
16071020220000,211,41.8940737,-87.80068478,429 FOREST AVE
16071020280000,211,41.89330611,-87.80065238,401 FOREST AVE
16071020300000,211,41.89402635,-87.80239685,1041 CHICAGO AVE
16071020310000,211,41.89379511,-87.80254068,420 N MARION ST
16071020320000,211,41.89335513,-87.80253839,404 N MARION ST
16071020330000,211,41.89321867,-87.80257383,400 N MARION ST
16071030320000,211,41.89205405,-87.79858102,7 ELIZABETH CT
16071040180000,211,41.89418492,-87.79653609,435 N GROVE AVE
16071040200000,211,41.89385275,-87.79656025,427 N GROVE AVE
16071040260000,211,41.89308099,-87.79651821,403 N GROVE AVE 1
16071050050000,211,41.89354922,-87.79581507,416 N GROVE AVE
16071050070000,211,41.89323455,-87.79583263,408 N GROVE AVE
16071050090000,211,41.89292256,-87.79582779,344 N GROVE AVE
16071050190000,211,41.8917288,-87.79575886,310 N GROVE AVE
16071050230000,211,41.89374052,-87.79502959,421 N OAK PARK AVE
16071050250000,211,41.89351884,-87.79499578,415 N OAK PARK AVE
16071050260000,211,41.8933821,-87.79505393,411 N OAK PARK AVE
16071050270000,211,41.89325125,-87.79506622,407 N OAK PARK AVE
16071050290000,211,41.89294185,-87.79502032,341 N OAK PARK AVE
16071050340000,315,41.891608,-87.79541159,301 N OAK PARK AVE
16071050350000,211,41.89418269,-87.79533613,811 CHICAGO AVE
16071050360000,211,41.89419545,-87.79502157,435 N OAK PARK AVE
16071060120000,211,41.89283114,-87.80412567,325 N MAPLE AVE
16071060130000,211,41.89269735,-87.80412296,323 N MAPLE AVE
16071060230000,391,41.89233494,-87.80410716,315 N MAPLE AVE
16071060250000,212,41.89194408,-87.80456154,1140 ERIE ST
16071070040000,211,41.89254747,-87.8036842,314 N MAPLE AVE
16071070090000,211,41.89287629,-87.80327999,1111 SUPERIOR ST
16071070120000,211,41.89256446,-87.80308268,317 N MARION ST
16071070130000,211,41.89248188,-87.80307574,315 N MARION ST
16071070200000,211,41.89216301,-87.80305931,305 N MARION ST
16071080030000,211,41.89267958,-87.80254703,320 N MARION ST
16071080050000,315,41.89293813,-87.80212899,1035 SUPERIOR ST 10
16071080370000,211,41.8925833,-87.80254606,316 N MARION ST
16071090090000,211,41.89076817,-87.80468508,1142 ONTARIO ST
16071100040000,211,41.8916168,-87.80360176,1117 ERIE ST
16071100050000,315,41.89163868,-87.80336243,1111 ERIE ST
16071100060000,211,41.89176238,-87.80322576,1109 ERIE ST
16071100070000,211,41.89172518,-87.80297851,229 N MARION ST
16071100080000,211,41.89164074,-87.80298949,227 N MARION ST
16071120050000,211,41.89078584,-87.80376038,1122 ONTARIO ST
16071120060000,315,41.89079324,-87.8036237,1120 ONTARIO ST
16071130010000,211,41.89116115,-87.80248087,212 N MARION ST
16071130020000,211,41.89107706,-87.8024675,210 N MARION ST
16071130030000,211,41.89098783,-87.80247878,208 N MARION ST
16071130040000,211,41.89089588,-87.802469,206 N MARION ST
16071130050000,211,41.89080391,-87.80245569,202 N MARION ST
16071130060000,211,41.89071989,-87.8024599,200 N MARION ST
16071140210000,211,41.89088124,-87.80162778,1028 ONTARIO ST 1
16071150160000,211,41.89033518,-87.79964344,942 ONTARIO ST
16071150530000,315,41.89051277,-87.79885513,922 ONTARIO
16071160020000,315,41.89089511,-87.79721314,220 N KENILWORTH AVE
16071160090000,315,41.89061704,-87.79719304,210 N KENILWORTH AVE
16071160120000,315,41.89029016,-87.79630926,201 N GROVE AVE
16071170010000,211,41.89119255,-87.79576669,226 N GROVE AVE
16071180110000,212,41.89046658,-87.80288439,195 N MARION ST
16071180140000,212,41.89025391,-87.80288966,189 N MARION ST
16071180150000,212,41.89018302,-87.80289377,187 N MARION ST
16071180160000,212,41.89011213,-87.80289435,185 N MARION ST
16071180640000,211,41.89038868,-87.80405218,1129 W ONTARIO ST
16071180650000,211,41.89038137,-87.80436755,1135 W ONTARIO ST
16071180660000,391,41.88994015,-87.80491574,479 N HARLEM AVE
16071200250000,318,41.88886806,-87.80196406,1034 LAKE ST
16071210060000,211,41.88993629,-87.79946645,937 ONTARIO ST
16071210070000,211,41.88995577,-87.79934475,935 ONTARIO ST
16071210080000,211,41.88995504,-87.79924536,933 ONTARIO ST
16071210110000,211,41.88994876,-87.79912424,931 ONTARIO ST
16071210130000,211,41.88995778,-87.79882844,925 ONTARIO ST
16071210150000,211,41.8900379,-87.79856651,917 ONTARIO ST
16071210160000,211,41.89003914,-87.79833321,913 ONTARIO ST
16071210230000,391,41.89000812,-87.79796226,901 ONTARIO ST
16071210240000,391,41.88976783,-87.79797105,175 N KENILWORTH AVE
16071220090000,315,41.89000906,-87.79653593,181 N GROVE AVE
16071220100000,315,41.88989129,-87.79656322,171 N GROVE AVE
16071240130000,212,41.88851969,-87.80305525,1111 LAKE ST
16071240150000,212,41.88845953,-87.8028335,1107 LAKE ST
16071240230000,212,41.88819626,-87.80264966,127 N MARION ST
16071250080000,212,41.88778532,-87.80324727,1125 WESTGATE ST
16071250150000,318,41.88785293,-87.80285584,119 N MARION ST
16071250170000,212,41.88759404,-87.80253598,111 N MARION ST
16071250200000,318,41.88723822,-87.80255631,101 N MARION ST
16071260010000,318,41.88843885,-87.80229948,138 N MARION ST
16071260050000,318,41.88853922,-87.80160517,1023 LAKE ST
16071260100000,318,41.88751759,-87.80224321,110 N MARION ST
16071260170000,318,41.88764367,-87.8017009,1018 NORTH BLVD
16071260180000,318,41.88758191,-87.80090865,1006 NORTH BLVD
16071260210000,212,41.88799124,-87.80217172,120 N MARION ST
16071280070000,315,41.88836654,-87.79825836,921 LAKE ST
16071280150000,391,41.88754845,-87.79876786,930 NORTH BLVD
16071280180000,315,41.88761277,-87.79764184,914 NORTH BLVD
16071280240000,211,41.88762823,-87.79738236,109 N KENILWORTH AVE
16071280310000,391,41.88811748,-87.8001326,100 FOREST AVE
16071280360000,211,41.88735389,-87.79738465,101 N KENILWORTH AVE
16071280370000,391,41.88755175,-87.79813737,922 NORTH BLVD
16071290090000,211,41.88745299,-87.79688738,104 N KENILWORTH AVE
16071290100000,211,41.88734933,-87.79684478,102 N KENILWORTH AVE 1
16071290120000,391,41.88834915,-87.79636251,855 LAKE ST
16071290130000,391,41.88850197,-87.79599172,835 LAKE ST
16071290140000,391,41.88850044,-87.79578585,833 LAKE ST
16071290230000,318,41.88786276,-87.7947512,115 N OAK PARK AVE
16071290240000,212,41.88779625,-87.79474675,113 N OAK PARK AVE
16071290250000,212,41.88768825,-87.79474876,109 N OAK PARK AVE
16071290280000,212,41.88745882,-87.79528643,814 NORTH BLVD
16071290330000,391,41.88769416,-87.7969134,110 N KENILWORTH AVE
16072000010000,211,41.89424912,-87.79433032,434 N OAK PARK AVE
16072000300000,211,41.89396103,-87.79434227,428 N OAK PARK AVE
16072000320000,211,41.89350066,-87.79430331,414 N OAK PARK AVE
16072000330000,211,41.8933809,-87.79430805,410 N OAK PARK AVE
16072000340000,211,41.89319812,-87.7943001,402 N OAK PARK AVE
16072050120000,314,41.89410624,-87.7852274,427 N RIDGELAND AVE
16072050180000,211,41.89340127,-87.78514954,405 N RIDGELAND AVE
16072060170000,211,41.89221802,-87.79420516,316 N OAK PARK AVE 1
16072060180000,211,41.89209174,-87.79420336,312 N OAK PARK AVE 2
16072070160000,211,41.89235199,-87.7924565,320 N EUCLID AVE
16072090060000,211,41.89205337,-87.78927313,308 N EAST AVE
16072100070000,211,41.89206692,-87.78758136,308 N SCOVILLE AVE
16072100130000,211,41.89250204,-87.78683841,321 N ELMWOOD AVE
16072110170000,211,41.89211745,-87.78522973,309 N RIDGELAND AVE
16072120030000,315,41.8905299,-87.79356067,716 ONTARIO ST
16072130100000,211,41.89074544,-87.7916128,211 LINDEN AVE
16072160090000,211,41.89154487,-87.78672723,233 N ELMWOOD AVE
16072170010000,211,41.89154005,-87.78598407,230 N ELMWOOD AVE 1 2
16072170030000,211,41.89125793,-87.78597383,224 N ELMWOOD AVE
16072170060000,211,41.89088243,-87.78596162,210 N ELMWOOD AVE
16072170080000,211,41.89052055,-87.78593284,422 ONTARIO ST
16072170120000,211,41.89115112,-87.78518896,221 N RIDGELAND AVE
16072190240000,211,41.88926822,-87.79231872,154 N EUCLID AVE
16072190250000,211,41.88915801,-87.79231145,152 N EUCLID AVE
16072230090000,211,41.88905497,-87.78588032,144 N ELMWOOD AVE 1
16072230100000,211,41.88892039,-87.78601026,134 N ELMWOOD AVE
16072230190000,315,41.88866429,-87.78615082,422 LAKE ST
16072230220000,212,41.88848195,-87.78493326,400 LAKE ST
16072230240000,211,41.89020266,-87.78515902,179 N RIDGELAND AVE
16072240010000,318,41.88799445,-87.79432997,136 N OAK PARK AVE
16072250920000,391,41.88803089,-87.79203133,675 LAKE ST
16073000040000,211,41.88627232,-87.80442126,1133 SOUTH BLVD
16073000050000,211,41.886166,-87.80433521,111 S MAPLE AVE 1
16073000080000,211,41.88574585,-87.80434433,125 S MAPLE AVE
16073000090000,315,41.8855549,-87.8043394,1136 PLEASANT ST
16073010020000,315,41.88612872,-87.80381255,112 S MAPLE AVE
16073010030000,315,41.88592701,-87.80357951,122 S MAPLE AVE
16073010100000,318,41.88635881,-87.80273579,109 S MARION AVE
16073010180000,212,41.88656014,-87.80295287,1107 SOUTH BLVD
16073010190000,212,41.88656675,-87.80318436,1111 SOUTH BLVD
16073020110000,211,41.88595932,-87.80173669,1034 PLEASANT ST
16073020120000,211,41.88595882,-87.80162907,1032 PLEASANT ST
16073020130000,211,41.88595455,-87.80146064,1028 PLEASANT ST
16073020170000,315,41.88592676,-87.80034502,1000 PLEASANT ST
16073020180000,211,41.88596138,-87.80101498,1018 PLEASANT ST
16073030030000,211,41.88657935,-87.79983838,104 HOME AVE
16073030060000,211,41.88640021,-87.79982367,110 HOME AVE
16073030070000,315,41.88631973,-87.79987424,112 HOME AVE
16073030080000,211,41.88610893,-87.79965445,118 HOME AVE 1
16073030090000,211,41.88657779,-87.79946908,947 SOUTH BLVD
16073030120000,314,41.8865269,-87.79893482,935 SOUTH BLVD
16073040010000,211,41.88673113,-87.7983401,100 CLINTON AVE
16073040030000,211,41.88655047,-87.79831244,108 CLINTON AVE
16073040040000,211,41.88644632,-87.79829062,110 CLINTON AVE
16073040090000,211,41.88630592,-87.79828207,112 CLINTON AVE
16073040170000,211,41.88558239,-87.79828487,138 CLINTON AVE
16073040180000,211,41.88564508,-87.79795177,916 PLEASANT ST
16073040190000,211,41.88632269,-87.79745773,115 S KENILWORTH AVE
16073040220000,314,41.8858605,-87.79759861,125 S KENILWORTH AVE
16073040280000,211,41.88618304,-87.79731304,119 S KENILWORTH AVE
16073040290000,211,41.88606898,-87.79744786,121 S KENILWORTH AVE
16073040300000,211,41.88600345,-87.7982846,120 CLINTON AVE
16073050020000,211,41.88650514,-87.79681723,106 S KENILWORTH AVE
16073050030000,211,41.88640428,-87.79680735,110 S KENILWORTH AVE
16073050050000,211,41.88612818,-87.79678567,118 S KENILWORTH AVE
16073050060000,211,41.88601689,-87.79678661,122 S KENILWORTH AVE 2
16073050070000,211,41.88586105,-87.79676992,126 S KENILWORTH AVE
16073050090000,211,41.88558954,-87.7967605,134 S KENILWORTH AVE
16073050140000,211,41.88630746,-87.7960928,113 S GROVE AVE 2
16073050160000,211,41.88612494,-87.79609433,117 S GROVE AVE 2
16073050170000,211,41.88601366,-87.79609526,121 S GROVE AVE
16073050190000,211,41.88575547,-87.79607344,129 S GROVE AVE
16073060040000,211,41.88641803,-87.7954298,110 S GROVE AVE 2
16073060050000,211,41.88629786,-87.79542481,114 S GROVE AVE 1
16073060070000,211,41.88601733,-87.79540318,120 S GROVE AVE 2
16073060090000,211,41.88575935,-87.79544731,130 S GROVE AVE
16073060110000,211,41.88555915,-87.79545469,134 S GROVE AVE
16073060160000,318,41.88607221,-87.79465185,137 S OAK PARK AVE
16073060180000,318,41.88580642,-87.79462707,171 S OAK PARK AVE
16073060190000,315,41.88548883,-87.79461351,185 S OAK PARK AVE
16073070110000,211,41.88370821,-87.80425966,245 S MAPLE AVE
16073070130000,212,41.88339165,-87.80423803,201 N HARLEM AVE
16073080040000,315,41.88416639,-87.80368618,230 S MAPLE AVE
16073080060000,314,41.88362396,-87.80369182,250 S MAPLE AVE
16073080070000,315,41.88349966,-87.80372202,254 S MAPLE AVE
16073080090000,391,41.8852134,-87.80264704,1105 PLEASANT ST
16073080140000,212,41.88442689,-87.80286185,227 S MARION ST
16073090020000,315,41.88561195,-87.80206216,1033 PLEASANT ST
16073090040000,212,41.88510829,-87.80230383,216 S MARION ST
16073090130000,211,41.88362022,-87.80217484,258 S MARION ST
16073090140000,315,41.88344441,-87.80227188,264 S MARION ST
16073090200000,315,41.88367158,-87.80119842,1030 RANDOLPH ST
16073090300000,211,41.88349377,-87.80162817,1034 RANDOLPH ST
16073090490000,315,41.88397157,-87.80219206,244 S MARION ST
16073100030000,211,41.88480145,-87.79972948,212 HOME AVE
16073100130000,211,41.88347337,-87.79973397,252 HOME AVE
16073100170000,211,41.88464501,-87.79895478,221 CLINTON AVE
16073100230000,211,41.88389119,-87.79895937,241 CLINTON AVE
16073100250000,211,41.88366744,-87.79893783,247 CLINTON AVE
16073110020000,211,41.88529015,-87.79834566,202 CLINTON AVE
16073110060000,211,41.8852982,-87.79794025,917 PLEASANT ST 2F
16073110130000,211,41.88438283,-87.79821594,228 CLINTON AVE
16073110180000,211,41.88368476,-87.7982233,248 CLINTON AVE
16073110190000,211,41.88359741,-87.79822403,250 CLINTON AVE
16073110200000,211,41.88350304,-87.79822014,254 CLINTON AVE
16073110210000,211,41.88357459,-87.79789135,916 RANDOLPH ST
16073110220000,315,41.88533885,-87.79727475,201 S KENILWORTH AVE
16073110230000,211,41.88502736,-87.79742658,213 S KENILWORTH AVE
16073110250000,211,41.88477813,-87.79742867,219 S KENILWORTH AVE
16073110280000,211,41.88441314,-87.79742003,227 S KENILWORTH AVE
16073110330000,211,41.88369481,-87.79738406,243 S KENILWORTH AVE
16073110340000,211,41.88357033,-87.79740371,247 S KENILWORTH AVE
16073120050000,211,41.88440112,-87.79676445,218 S KENILWORTH AVE
16073120060000,211,41.88427648,-87.7967475,222 S KENILWORTH AVE
16073120070000,211,41.88416965,-87.79675439,226 S KENILWORTH AVE
16073120080000,211,41.88408359,-87.79675481,230 S KENILWORTH AVE
16073120210000,211,41.88382206,-87.79604197,235 S GROVE AVE
16073120240000,211,41.884242,-87.79604444,223 S GROVE AVE
16073120250000,211,41.88411962,-87.7960419,227 S GROVE AVE
16073130080000,211,41.8840016,-87.79540248,230 S GROVE AVE
16073130100000,211,41.88370323,-87.7953753,238 S GROVE AVE
16073130150000,211,41.88458096,-87.79473548,215 S OAK PARK AVE
16073130160000,211,41.88448746,-87.79473027,217 S OAK PARK AVE 2ND
16073130170000,211,41.88439846,-87.79471903,221 S OAK PARK AVE 2
16073130180000,211,41.88430872,-87.79471522,223 S OAK PARK AVE
16073130190000,211,41.88422026,-87.79469684,227 S OAK PARK AVE
16073130200000,211,41.88412238,-87.79470336,229 S OAK PARK AVE
16073130210000,211,41.88402303,-87.79472218,231 S OAK PARK AVE
16073130240000,211,41.8837246,-87.79468271,237 S OAK PARK AVE
16073130260000,315,41.88497513,-87.79472369,209 S OAK PARK AVE
16073140050000,314,41.88240335,-87.8043577,321 S MAPLE AVE
16073140060000,211,41.88228619,-87.80424288,325 S MAPLE AVE
16073140070000,211,41.8821513,-87.80424399,329 S MAPLE AVE
16073140090000,211,41.88202874,-87.80420398,333 S MAPLE AVE 1
16073140130000,211,41.88270325,-87.80424367,313 S MAPLE AVE
16073140140000,211,41.88262804,-87.80426109,315 S MAPLE AVE
16073150050000,211,41.88256117,-87.80357387,316 S MAPLE AVE
16073150110000,211,41.88312919,-87.80278643,301 WISCONSIN AVE
16073150130000,211,41.88299584,-87.80278754,305 WISCONSIN AVE
16073150140000,211,41.88287685,-87.80281638,309 WISCONSIN AVE
16073150170000,211,41.88244669,-87.8027264,321 WISCONSIN AVE
16073150190000,211,41.88218213,-87.80277778,329 WISCONSIN AVE
16073150220000,315,41.88174901,-87.80275855,1116 WASHINGTON BLVD
16073150240000,315,41.88223483,-87.80367134,324 S MAPLE AVE
16073150250000,315,41.88292559,-87.80358346,300 S MAPLE AVE
16073160020000,211,41.88295554,-87.80210422,302 WISCONSIN AVE 1
16073160030000,211,41.88287078,-87.80209584,308 WISCONSIN AVE
16073160050000,391,41.88249692,-87.80201243,320 WISCONSIN AVE
16073160070000,314,41.88215911,-87.80200837,328 WISCONSIN AVE
16073160200000,314,41.88179582,-87.80145868,1032 WASHINGTON BLVD
16073160210000,315,41.88164018,-87.80122388,1026 WASHINGTON BLVD
16073160250000,211,41.88290094,-87.80041808,309 HOME AVE
16073160290000,211,41.88233863,-87.80040291,325 HOME AVE
16073160300000,211,41.88218292,-87.8003787,327 HOME AVE
16073160360000,211,41.88314882,-87.80036923,301 HOME AVE
16073160440000,211,41.88302243,-87.80209848,300 WISCONSIN AVE
16073170020000,211,41.88301468,-87.79966856,306 HOME AVE
16073170050000,211,41.88260508,-87.79966141,316 HOME AVE 1
16073170060000,211,41.88248768,-87.79967939,320 HOME AVE
16073170240000,211,41.88319997,-87.79968573,300 HOME AVE
16073170250000,211,41.88309861,-87.7996819,304 HOME AVE
16073180010000,211,41.88320951,-87.79822064,300 CLINTON AVE
16073180030000,211,41.88293339,-87.7982089,308 CLINTON AVE
16073190020000,315,41.8830822,-87.79676645,304 S KENILWORTH AVE
16073190040000,211,41.88292253,-87.79669306,310 S KENILWORTH AVE
16073190180000,211,41.88259449,-87.79597801,321 S GROVE AVE
16073190200000,211,41.88230324,-87.79602003,325 S GROVE AVE
16073190220000,315,41.88179555,-87.79590527,832 WASHINGTON BLVD
16073200030000,211,41.88301945,-87.79536229,308 S GROVE AVE
16073200050000,211,41.88275409,-87.79535465,316 S GROVE AVE
16073200130000,315,41.88304965,-87.79489929,305 S OAK PARK AVE
16073200140000,391,41.88276297,-87.79470955,317 S OAK PARK AVE
16073200150000,211,41.88263374,-87.79468095,321 S OAK PARK AVE
16073200160000,211,41.88250115,-87.79472644,325 S OAK PARK AVE 1
16073210180000,212,41.88127519,-87.804587,97 N HARLEM AVE
16073220010000,315,41.88124033,-87.8031952,400 S MAPLE AVE
16073220060000,315,41.88010943,-87.80357337,436 S MAPLE AVE
16073220070000,211,41.88122265,-87.80299494,1113 WASHINGTON BLVD
16073220160000,211,41.88018516,-87.80263307,433 WISCONSIN AVE
16073220210000,212,41.87981007,-87.8031118,1116 MADISON ST
16073220220000,212,41.87980971,-87.80303485,1114 MADISON ST
16073220230000,212,41.87979796,-87.80293815,1112 MADISON ST
16073220320000,211,41.88073246,-87.80352486,414 S MAPLE AVE
16073220330000,314,41.8805764,-87.80344474,420 S MAPLE AVE
16073230010000,315,41.8812422,-87.80184572,1035 WASHINGTON BLVD
16073230380000,212,41.8798665,-87.8001289,1000 MADISON ST
16073240150000,315,41.88134186,-87.79873188,945 WASHINGTON AVE
16073240160000,315,41.88107563,-87.79887794,945 WASHINGTON AVE
16073240180000,211,41.88083833,-87.7988085,417 CLINTON AVE
16073240230000,314,41.88012831,-87.79873744,437 CLINTON AVE
16073250080000,314,41.88027069,-87.79811319,432 CLINTON AVE
16073250090000,315,41.88137691,-87.79747834,403 S KENILWORTH AVE
16073250100000,211,41.88113119,-87.79729921,409 S KENILWORTH AVE
16073250140000,314,41.88056949,-87.7972458,425 S KENILWORTH AVE
16073250200000,318,41.88005645,-87.79749235,900 MADISON ST
16073260010000,315,41.8811819,-87.79678752,853 WASHINGTON BLVD
16073260020000,211,41.88089375,-87.79669298,414 S KENILWORTH AVE
16073260110000,211,41.88089322,-87.79589374,417 S GROVE AVE
16073260150000,211,41.88038344,-87.79578631,435 S GROVE AVE
16073260170000,212,41.87994725,-87.79659998,850 MADISON ST
16073260200000,212,41.87997517,-87.79627388,844 MADISON ST
16073270020000,211,41.88104527,-87.79531128,412 S GROVE AVE 1
16073270130000,211,41.8810693,-87.79464372,413 S OAK PARK AVE
16073270140000,211,41.88099674,-87.79454057,417 S OAK PARK AVE
16073270150000,315,41.88080959,-87.79468734,421 S OAK PARK AVE
16074000020000,212,41.88669608,-87.79386277,721 SOUTH BLVD
16074000160000,211,41.88592217,-87.79315854,123 S EUCLID AVE
16074000170000,211,41.88576406,-87.79347876,129 S EUCLID AVE
16074000180000,211,41.88564609,-87.79311889,131 S EUCLID AVE
16074010060000,211,41.88668016,-87.79183808,647 SOUTH BLVD
16074010070000,211,41.88673598,-87.79148935,101 WESLEY AVE
16074010080000,211,41.88662467,-87.79148429,103 WESLEY AVE
16074010090000,211,41.88652234,-87.79148516,105 WESLEY AVE
16074010100000,211,41.88641106,-87.7914861,107 WESLEY AVE
16074020010000,211,41.88674184,-87.7908336,102 WESLEY AVE
16074020040000,211,41.88641681,-87.79080667,110 WESLEY AVE
16074030150000,211,41.88601797,-87.78828887,127 S SCOVILLE AVE
16074030410000,211,41.88670442,-87.78880263,515 SOUTH BLVD
16074040020000,314,41.88672466,-87.78741625,459 SOUTH BLVD
16074040030000,211,41.88671426,-87.78727321,453 SOUTH BLVD
16074050050000,318,41.8868185,-87.78571031,419 SOUTH BLVD
16074050070000,212,41.88661847,-87.78534137,411 SOUTH BLVD
16074050080000,318,41.88671796,-87.78487169,401 SOUTH BLVD
16074060020000,315,41.88447464,-87.79389981,212 S OAK PARK AVE
16074060070000,211,41.88380116,-87.79405175,232 S OAK PARK AVE
16074060080000,211,41.88368447,-87.79407353,236 S OAK PARK AVE
16074080060000,211,41.88427316,-87.79073022,220 WESLEY AVE
16074080180000,211,41.88425375,-87.78983878,221 S EAST AVE
16074090200000,211,41.88402571,-87.78822526,229 S SCOVILLE AVE
16074090210000,211,41.88389216,-87.7882204,233 S SCOVILLE AVE 1
16074100160000,211,41.88478149,-87.78659663,209 S ELMWOOD AVE SA
16074100170000,211,41.88458794,-87.78656873,213 S ELMWOOD AVE
16074110120000,211,41.88504575,-87.78500078,201 S RIDGELAND AVE
16074120040000,211,41.88316139,-87.79362876,717 RANDOLPH ST
16074120060000,211,41.88272584,-87.79400451,312 S OAK PARK AVE 2S
16074120070000,211,41.88262082,-87.79394976,316 S OAK PARK AVE
16074120080000,211,41.88248425,-87.79393622,320 S OAK PARK AVE 2
16074120090000,211,41.88239201,-87.793937,322 S OAK PARK AVE
16074120130000,211,41.88201713,-87.79391684,334 S OAK PARK AVE
16074120140000,211,41.88186797,-87.79400934,338 S OAK PARK AVE
16074120150000,315,41.88177421,-87.79385169,720 WASHINGTON BLVD
16074120300000,315,41.88182517,-87.79312811,710 WASHINGTON BLVD
16074120340000,211,41.8823033,-87.79389817,326 S OAK PARK AVE
16074130120000,211,41.88268673,-87.79150377,315 WESLEY AVE
16074130130000,211,41.88253525,-87.79145079,319 WESLEY AVE
16074130240000,315,41.8818336,-87.79203791,652 WASHINGTON BLVD
16074140050000,211,41.88274817,-87.79071298,314 WESLEY AVE
16074140110000,211,41.88184463,-87.79047505,622 WASHINGTON BLVD
16074140170000,211,41.88255718,-87.78983976,323 S EAST AVE
16074150150000,211,41.88232484,-87.78806894,329 S SCOVILLE AVE
16074150170000,211,41.88189632,-87.78896195,524 WASHINGTON BLVD
16074160060000,211,41.88246457,-87.78737561,322 S SCOVILLE AVE
16074160150000,315,41.88204482,-87.78729644,458 WASHINGTON BLVD
16074170170000,314,41.88185178,-87.78594029,428 WASHINGTON BLVD
16074170190000,211,41.88194714,-87.78553101,420 WASHINGTON BLVD
16074170200000,211,41.88193532,-87.78538302,416 WASHINGTON BLVD
16074180190000,315,41.88080977,-87.79296979,419 S EUCLID AVE
16074190020000,211,41.88136781,-87.79194433,651 WASHINGTON BLVD
16074190030000,211,41.88136872,-87.79213709,655 WASHINGTON BLVD
16074190060000,314,41.8807145,-87.79232024,422 S EUCLID AVE
16074190090000,211,41.88136441,-87.79172833,647 WASHINGTON BLVD
16074190100000,211,41.88138428,-87.79152928,643 WASHINGTON BLVD 1
16074200040000,211,41.88076085,-87.79059306,420 WESLEY AVE
16074200050000,315,41.88057007,-87.79061057,426 WESLEY AVE
16074210160000,318,41.88033999,-87.78792793,500 MADISON ST
16074220030000,211,41.88142148,-87.78710961,455 WASHINGTON BLVD
16074220040000,211,41.88142786,-87.78689221,451 WASHINGTON BLVD
16074220100000,211,41.8807815,-87.78734289,422 S SCOVILLE AVE 2
16074220110000,314,41.8806487,-87.78734402,428 S SCOVILLE AVE
16074220130000,211,41.88109182,-87.78644661,415 S ELMWOOD AVE
16074220180000,211,41.88052696,-87.78648366,431 S ELMWOOD AVE
16074220270000,314,41.88080214,-87.78650769,421 S ELMWOOD AVE
16074220310000,315,41.88147,-87.78743837,400 S SCOVILLE AVE
16074230020000,211,41.88148033,-87.78575518,423 WASHINGTON BLVD
16074230030000,211,41.88145798,-87.78556863,419 WASHINGTON BLVD 1
16074230040000,211,41.88145466,-87.78547258,417 WASHINGTON BLVD
16074230070000,314,41.88144406,-87.78496239,405 WASHINGTON BLVD
16074230080000,314,41.88144064,-87.78478395,401 WASHINGTON BLVD
16074230100000,211,41.88095903,-87.78576085,418 S ELMWOOD AVE 1
16074230120000,211,41.88065602,-87.78573224,426 S ELMWOOD AVE
16074230130000,211,41.88051954,-87.78573821,430 S ELMWOOD AVE
16074230150000,211,41.88098542,-87.78496523,419 S RIDGELAND AVE
16074230240000,212,41.88020027,-87.78497043,408 MADISON ST
16081000030000,211,41.89432702,-87.7842792,319 CHICAGO AVE
16081000050000,211,41.89433602,-87.78383147,311 CHICAGO AVE
16081010030000,211,41.89424154,-87.7828975,428 N CUYLER AVE
16081010190000,211,41.8935986,-87.7819849,411 N HARVEY AVE
16081020120000,211,41.89403326,-87.78040264,423 N LOMBARD AVE
16081020180000,211,41.8932847,-87.78035812,204 SUPERIOR ST
16081040010000,315,41.89433939,-87.77818185,59 CHICAGO AVE
16081040020000,211,41.8944456,-87.77799321,57 CHICAGO AVE
16081040030000,211,41.89444514,-87.77789793,55 CHICAGO AVE
16081040050000,211,41.89444783,-87.77771686,51 CHICAGO AVE
16081040060000,211,41.89444737,-87.77762158,49 CHICAGO AVE
16081040070000,211,41.89444686,-87.77751676,47 CHICAGO AVE 2
16081040080000,211,41.89444642,-87.77742625,45 CHICAGO AVE
16081040090000,211,41.89444596,-87.77733096,43 CHICAGO AVE 1
16081040100000,318,41.89454878,-87.77697776,425 N HUMPHREY AVE
16081040120000,211,41.89393178,-87.77797503,418 N TAYLOR AVE
16081040130000,315,41.89365324,-87.77777197,408 N TAYLOR AVE
16081040140000,315,41.8933566,-87.77781651,400 N TAYLOR AVE
16081040210000,211,41.89340563,-87.77744887,50 SUPERIOR ST
16081040220000,211,41.89353337,-87.77712114,407 N HUMPHREY AVE 2
16081040230000,211,41.89347488,-87.77712165,405 N HUMPHREY AVE
16081040240000,211,41.89340247,-87.77712228,403 N HUMPHREY AVE
16081040250000,211,41.89331614,-87.77712303,401 N HUMPHREY AVE 1
16081050160000,315,41.89412461,-87.7754561,722 N AUSTIN BLVD
16081050190000,315,41.89363328,-87.77577843,712 N AUSTIN BLVD
16081050200000,315,41.89336623,-87.77562357,700 N AUSTIN BLVD
16081050230000,212,41.89437948,-87.77530932,728 AUSTIN AVE 2
16081070080000,211,41.8920996,-87.78286707,304 N CUYLER AVE
16081070090000,211,41.89186801,-87.78286054,300 N CUYLER AVE
16081070130000,211,41.89266915,-87.78193525,323 N HARVEY AVE
16081080110000,211,41.89275585,-87.78034872,325 N LOMBARD AVE
16081080120000,211,41.89260777,-87.78032457,319 N LOMBARD AVE
16081090100000,211,41.89193919,-87.77956282,300 N LOMBARD AVE 2
16081110200000,314,41.89284429,-87.77555201,626 N AUSTIN BLVD
16081120090000,211,41.89052431,-87.78432617,202 N RIDGELAND AVE
16081120180000,211,41.89052844,-87.78349863,201 N CUYLER AVE
16081140060000,211,41.89108488,-87.78112433,216 N HARVEY AVE
16081150010000,211,41.89164263,-87.77953824,232 N LOMBARD AVE
16081150030000,211,41.89141757,-87.77950672,226 N LOMBARD AVE
16081150040000,211,41.89129579,-87.77951614,222 N LOMBARD AVE 2
16081150050000,211,41.89118647,-87.77951708,220 N LOMBARD AVE
16081150100000,211,41.89059554,-87.77949486,200 N LOMBARD AVE
16081150110000,211,41.89165733,-87.77870145,233 N TAYLOR AVE
16081150130000,211,41.89137937,-87.77871222,225 N TAYLOR AVE
16081180220000,318,41.88846661,-87.78407619,316 LAKE ST
16081180230000,318,41.88850303,-87.78367149,310 LAKE ST
16081190050000,211,41.88996741,-87.78271445,168 N CUYLER AVE
16081190240000,211,41.88867788,-87.78288983,130 N CUYLER AVE
16081190250000,212,41.88837886,-87.78284347,266 LAKE ST
16081190260000,212,41.88853436,-87.78264641,260 LAKE ST
16081190290000,211,41.88847053,-87.78219542,250 LAKE ST
16081200160000,211,41.88970928,-87.78028624,163 N LOMBARD AVE
16081200260000,211,41.88842739,-87.78096673,224 LAKE ST
16081200310000,211,41.88872107,-87.78025466,133 N LOMBARD AVE
16081200330000,211,41.88861596,-87.78021741,131 N LOMBARD AVE 1
16081210010000,211,41.89029874,-87.77947191,178 N LOMBARD AVE 1
16081210170000,211,41.88975872,-87.77868557,163 N TAYLOR AVE
16081210510000,211,41.88825536,-87.77844414,119 N TAYLOR AVE
16081210530000,211,41.88908071,-87.77863311,143 N TAYLOR AVE
16081210550000,211,41.88846967,-87.77888878,114 LAKE ST
16081220140000,211,41.89018676,-87.77705679,175 N HUMPHREY AVE
16081220190000,211,41.88949524,-87.77702634,155 N HUMPHREY AVE 1
16081220200000,211,41.88936455,-87.77702019,151 N HUMPHREY AVE
16081220300000,211,41.8883536,-87.7773338,50 LAKE ST
16081220310000,212,41.88835307,-87.77722348,48 LAKE ST
16081220330000,318,41.888404,-87.77680383,38 LAKE ST
16081220340000,211,41.88834174,-87.77760751,56 LAKE ST
16081220360000,211,41.88834431,-87.77745744,54 LAKE ST
16081230010000,211,41.89029701,-87.7762649,176 N HUMPHREY AVE
16081230060000,315,41.88979051,-87.7762071,162 N HUMPHREY AVE
16081230100000,315,41.88900893,-87.77616612,130 N HUMPHREY AVE
16081230110000,315,41.89037691,-87.77524447,480 N AUSTIN BLVD
16081230150000,315,41.88934301,-87.77539146,450 N AUSTIN BLVD
16081230160000,315,41.88908162,-87.77556221,440 N AUSTIN BLVD
16081230170000,315,41.8888383,-87.77521317,432 N AUSTIN BLVD
16081230200000,212,41.88822431,-87.77597349,18 LAKE ST
16081230280000,315,41.88950104,-87.7762192,146 N HUMPHREY AVE
16081230290000,315,41.88985622,-87.77533601,466 N AUSTIN BLVD
16081260030000,391,41.8878043,-87.78042327,101 N LOMBARD AVE
16081260040000,391,41.88799044,-87.78030509,201 LAKE ST
16083000060000,211,41.88677713,-87.7835866,309 SOUTH BLVD
16083010020000,318,41.88676069,-87.78167571,101 S HARVEY AVE
16083010240000,315,41.8858492,-87.7817309,133 S HARVEY AVE
16083010250000,315,41.88591681,-87.78172959,127 S HARVEY AVE
16083020010000,318,41.88676472,-87.78118993,225 SOUTH BLVD
16083020110000,315,41.88566205,-87.78118095,136 S HARVEY AVE
16083020120000,315,41.88537947,-87.78065383,228 PLEASANT ST
16083020280000,211,41.88623758,-87.78000316,117 S LOMBARD AVE
16083030030000,315,41.88662298,-87.77904669,117 SOUTH BLVD
16083030050000,211,41.88634072,-87.77937852,118 S LOMBARD AVE
16083030070000,211,41.88612092,-87.77940239,124 S LOMBARD AVE
16083030080000,211,41.88600589,-87.77937262,128 S LOMBARD AVE 1ST
16083030100000,211,41.88580563,-87.77936556,134 S LOMBARD AVE
16083030290000,211,41.88682992,-87.77847993,105 S TAYLOR AVE
16083040010000,211,41.88692681,-87.77771631,102 S TAYLOR AVE
16083040030000,211,41.88672676,-87.77775321,106 S TAYLOR AVE
16083040040000,211,41.88661517,-87.77775417,112 S TAYLOR AVE
16083040050000,211,41.8864642,-87.77775988,114 S TAYLOR AVE
16083040070000,211,41.88625079,-87.77774854,120 S TAYLOR AVE
16083040130000,211,41.88558764,-87.77772791,140 S TAYLOR AVE
16083040150000,315,41.88690948,-87.7769118,49 SOUTH BLVD
16083040160000,315,41.88690075,-87.77669213,37 SOUTH BLVD
16083050010000,211,41.88691074,-87.77615174,102 S HUMPHREY AVE
16083050100000,211,41.88623259,-87.77611807,120 S HUMPHREY AVE
16083050130000,211,41.88580249,-87.77609543,132 S HUMPHREY AVE 1
16083050150000,211,41.88552662,-87.77606706,140 S HUMPHREY AVE 1
16083050210000,315,41.88575406,-87.77515529,312 N AUSTIN BLVD
16083050230000,315,41.88549665,-87.77546328,302 N AUSTIN BLVD
16083080100000,315,41.88508514,-87.78007396,201 S LOMBARD AVE
16083090020000,211,41.88471857,-87.77933373,214 S LOMBARD AVE
16083090030000,211,41.88460547,-87.77932766,216 S LOMBARD AVE
16083090080000,211,41.88515797,-87.77847447,201 S TAYLOR AVE
16083090090000,211,41.88495108,-87.77845429,209 S TAYLOR AVE
16083090140000,211,41.88438573,-87.77842593,225 S TAYLOR AVE
16083100040000,211,41.88485313,-87.7776979,210 S TAYLOR AVE
16083100050000,211,41.884727,-87.77771135,214 S TAYLOR AVE
16083100080000,211,41.88439027,-87.77768257,222 S TAYLOR AVE
16083110090000,315,41.88518468,-87.77520764,234 N AUSTIN BLVD
16083110100000,211,41.88505407,-87.77516405,230 N AUSTIN BLVD
16083110120000,211,41.88484083,-87.77518789,224 N AUSTIN BLVD
16083110130000,211,41.88474227,-87.77517116,220 N AUSTIN BLVD
16083110150000,315,41.884378,-87.77521443,208 N AUSTIN BLVD
16083120010000,211,41.88332563,-87.78423426,300 S RIDGELAND AVE 1ST
16083120090000,211,41.88236104,-87.78422172,328 S RIDGELAND AVE
16083120100000,211,41.88225778,-87.7842226,332 S RIDGELAND AVE 1
16083120200000,315,41.88208623,-87.78401365,320 WASHINGTON BLVD
16083120210000,211,41.88199082,-87.78379856,316 WASHINGTON BLVD
16083120220000,315,41.88205424,-87.78333889,300 WASHINGTON BLVD
16083130100000,211,41.88230985,-87.78244876,332 S CUYLER AVE
16083130230000,211,41.88249485,-87.78164393,337 S HARVEY AVE
16083130240000,211,41.8824022,-87.78164473,339 S HARVEY AVE
16083130250000,211,41.88232391,-87.781655,343 S HARVEY AVE
16083130260000,211,41.88195519,-87.78272871,264 WASHINGTON BLVD
16083130270000,211,41.88199325,-87.78254363,260 WASHINGTON BLVD
16083130280000,211,41.88199249,-87.78238624,258 WASHINGTON BLVD
16083130290000,211,41.88201672,-87.78224273,256 WASHINGTON BLVD 1
16083130300000,211,41.88201982,-87.78213777,252 WASHINGTON BLVD
16083130310000,315,41.88206047,-87.78200573,238 WASHINGTON BLVD
16083140110000,211,41.88328165,-87.7809347,312 S HARVEY AVE
16083140200000,315,41.88196605,-87.78106795,230 WASHINGTON BLVD
16083150040000,211,41.88351215,-87.77935086,310 S LOMBARD AVE 2ND
16083150210000,211,41.88302306,-87.77842799,323 S TAYLOR AVE
16083150230000,211,41.88283782,-87.77845527,331 S TAYLOR AVE
16083150260000,315,41.8822649,-87.77918148,130 WASHINGTON BLVD
16083150280000,211,41.88232574,-87.77885088,116 WASHINGTON BLVD
16083150290000,211,41.88232506,-87.77870966,114 WASHINGTON BLVD
16083150300000,211,41.88232433,-87.77855988,110 WASHINGTON BLVD
16083150310000,211,41.88233656,-87.77844421,106 WASHINGTON BLVD 1
16083150350000,315,41.88226589,-87.77820509,102 W WASHINGTON BLVD
16083160220000,211,41.88232458,-87.77776821,64 WASHINGTON BLVD
16083160230000,315,41.88233067,-87.77762972,60 WASHINGTON BLVD
16083160270000,211,41.8823246,-87.7771134,48 WASHINGTON BLVD 2
16083160280000,211,41.88233031,-87.77697212,46 WASHINGTON BLVD
16083170130000,211,41.88359592,-87.7751169,142 N AUSTIN BLVD 2
16083170190000,315,41.88232791,-87.77583404,24 WASHINGTON BLVD
16083170220000,315,41.88243841,-87.77526638,10 WASHINGTON BLVD
16083180030000,318,41.88013813,-87.78418168,436 S RIDGELAND AVE
16083180060000,212,41.88014812,-87.78356219,314 MADISON ST
16083180070000,212,41.88014983,-87.78345114,312 MADISON ST
16083180080000,318,41.88015243,-87.78326288,308 MADISON ST
16083180090000,315,41.88015429,-87.78315701,300 MADISON ST
16083190010000,391,41.8814774,-87.78258121,261 WASHINGTON BLVD
16083190120000,315,41.88118644,-87.7816258,415 S HARVEY AVE
16083190270000,315,41.88101411,-87.78161437,421 S HARVEY AVE
16083200010000,315,41.88135181,-87.78090001,221 WASHINGTON BLVD
16083200020000,315,41.8814406,-87.78030614,213 WASHINGTON BLVD
16083200040000,211,41.88117428,-87.78094306,414 S HARVEY AVE
16083200090000,211,41.88064412,-87.78084998,428 S HARVEY AVE
16083200130000,314,41.88087722,-87.77994372,421 S LOMBARD AVE
16083210020000,211,41.88177912,-87.77902339,117 WASHINGTON BLVD
16083210040000,211,41.88177686,-87.77860987,111 WASHINGTON BLVD
16083210060000,315,41.8818473,-87.77819212,103 WASHINGTON BLVD
16083210070000,211,41.8814016,-87.77925788,414 S LOMBARD AVE 1ST
16083210080000,211,41.88129531,-87.77926328,416 S LOMBARD AVE
16083210090000,211,41.88120734,-87.77926623,418 S LOMBARD AVE
16083210150000,315,41.88145776,-87.77825625,415 S TAYLOR AVE
16083210200000,318,41.88041781,-87.77937701,132 MADISON ST
16083210240000,212,41.88030994,-87.77860845,114 MADISON ST
16083220050000,211,41.8817772,-87.77725829,51 WASHINGTON BLVD
16083220060000,211,41.88182076,-87.77712307,47 WASHINGTON BLVD
16083220140000,315,41.88096309,-87.77768674,426 S TAYLOR AVE
16083220190000,211,41.88136133,-87.77669051,419 S HUMPHREY AVE
16083220230000,211,41.8809556,-87.77672827,429 S HUMPHREY AVE
16083220280000,212,41.88031113,-87.77745821,58 MADISON ST
16083220290000,212,41.88027234,-87.77736867,56 MADISON ST
16083230040000,211,41.88137997,-87.77593403,418 S HUMPHREY AVE
16083230060000,211,41.88111466,-87.77592777,426 S HUMPHREY AVE
16083230070000,211,41.88100155,-87.77600646,428 S HUMPHREY AVE
16083230140000,315,41.88092132,-87.77529248,16 N AUSTIN BLVD
16083230170000,212,41.88026849,-87.77590004,26 MADISON ST
16083230210000,212,41.8803356,-87.77525508,12 MADISON ST
16083230220000,212,41.88027869,-87.77518429,8 MADISON ST
16083230230000,212,41.88033475,-87.77507963,6 MADISON ST
16083230240000,212,41.88028219,-87.77499119,4 MADISON ST
16171000050000,211,41.87939073,-87.78411735,510 S RIDGELAND AVE 1
16171000060000,211,41.87929121,-87.7841233,512 S RIDGELAND AVE
16171000070000,211,41.87919149,-87.78410917,516 S RIDGELAND AVE
16171000080000,211,41.87908829,-87.78411994,518 S RIDGELAND AVE
16171000090000,211,41.87899975,-87.7841207,522 S RIDGELAND AVE
16171000100000,211,41.87890384,-87.78412662,524 S RIDGELAND AVE
16171000110000,211,41.87880411,-87.78411249,528 S RIDGELAND AVE 1
16171000120000,211,41.87871927,-87.78410842,530 S RIDGELAND AVE
16171000130000,211,41.87863804,-87.78410911,532 S RIDGELAND AVE
16171000140000,211,41.87853099,-87.78409024,536 S RIDGELAND AVE
16171000150000,211,41.87842401,-87.78408606,538 S RIDGELAND AVE
16171000160000,211,41.87833918,-87.78408679,540 S RIDGELAND AVE
16171000170000,211,41.87820593,-87.78420223,542 S RIDGELAND AVE 1
16171000180000,315,41.87911296,-87.78349491,511 S CUYLER AVE
16171000190000,211,41.87898939,-87.78350324,523 S CUYLER AVE
16171000200000,211,41.87889344,-87.78350406,525 S CUYLER AVE 1
16171000210000,211,41.87880121,-87.78350485,527 S CUYLER AVE 1
16171000230000,211,41.87861673,-87.78350644,533 S CUYLER AVE
16171000240000,211,41.87851709,-87.7834875,537 S CUYLER AVE 1
16171000250000,211,41.87842856,-87.78348826,539 S CUYLER AVE 1ST
16171000260000,211,41.87832881,-87.78346933,543 S CUYLER AVE
16171000270000,211,41.87822176,-87.78345046,545 S CUYLER AVE
16171010010000,318,41.87953611,-87.78300585,321 MADISON ST
16171010030000,212,41.87971867,-87.78247908,309 MADISON ST
16171010070000,211,41.87943648,-87.78293293,510 S CUYLER AVE
16171010350000,211,41.87841114,-87.78223035,541 S HIGHLAND AVE 1
16171020180000,211,41.87872865,-87.78173093,530 S HIGHLAND AVE
16171020320000,211,41.87876327,-87.78101839,531 S HARVEY AVE
16171020330000,211,41.87869687,-87.78101896,535 S HARVEY AVE
16171030260000,211,41.87943901,-87.77995549,511 S LOMBARD AVE
16171030340000,211,41.87877853,-87.77986582,531 S LOMBARD AVE
16171030350000,211,41.87865309,-87.77987679,535 S LOMBARD AVE
16171050100000,211,41.87903822,-87.77802176,522 S TAYLOR AVE
16171050350000,318,41.87981183,-87.77747681,501 S LYMAN AVE
16171060020000,315,41.87975542,-87.77678766,504 S LYMAN AVE
16171060160000,211,41.87834171,-87.77675135,544 S LYMAN AVE
16171070200000,211,41.87952919,-87.77496493,12 S AUSTIN BLVD
16171070210000,211,41.87943577,-87.77499358,16 S AUSTIN BLVD
16171070220000,211,41.87933136,-87.77503508,18 S AUSTIN BLVD 1
16171070240000,211,41.8791756,-87.77498394,22 S AUSTIN BLVD
16171070250000,211,41.87908848,-87.77497224,26 S AUSTIN BLVD
16171070290000,211,41.87875577,-87.77496585,108 S AUSTIN BLVD
16171070300000,211,41.87866916,-87.77497125,110 S AUSTIN BLVD
16171070310000,211,41.8785997,-87.77493937,112 S AUSTIN BLVD
16171070320000,211,41.87851649,-87.77493082,114 S AUSTIN BLVD 1
16171070330000,315,41.87836958,-87.77514493,120 S AUSTIN BLVD
16171090220000,211,41.87798419,-87.7821606,601 S HIGHLAND AVE
16171090290000,211,41.87738751,-87.78218252,617 S HIGHLAND AVE
16171090300000,211,41.87729074,-87.78218335,621 S HIGHLAND AVE 1
16171100010000,211,41.87800207,-87.78173704,600 S HIGHLAND AVE
16171100070000,211,41.87745569,-87.7816377,616 S HIGHLAND AVE
16171100110000,211,41.87710681,-87.78161792,626 S HIGHLAND AVE
16171100130000,211,41.87687772,-87.78172113,634 S HIGHLAND AVE
16171100180000,211,41.87645953,-87.78162918,648 S HIGHLAND AVE
16171100410000,211,41.87675374,-87.78162665,636 S HIGHLAND AVE
16171110050000,211,41.87759025,-87.78049104,612 S HARVEY AVE
16171110260000,211,41.87748556,-87.77981857,617 S LOMBARD AVE
16171120010000,211,41.87801255,-87.77920483,600 S LOMBARD AVE
16171120160000,211,41.87659372,-87.77913514,642 S LOMBARD AVE
16171120170000,211,41.87650862,-87.77919746,644 S LOMBARD AVE
16171130150000,211,41.87682424,-87.77794164,636 S TAYLOR AVE
16171130170000,211,41.87660476,-87.77791292,644 S TAYLOR AVE 1
16171130180000,211,41.87651759,-87.77791368,648 S TAYLOR AVE 1
16171150170000,211,41.87811318,-87.77492682,128 S AUSTIN BLVD
16171150180000,211,41.87803351,-87.77493215,130 S AUSTIN BLVD
16171150190000,211,41.87797571,-87.77484474,132 S AUSTIN BLVD
16171150200000,211,41.87787062,-87.77492893,136 S AUSTIN BLVD
16171150210000,211,41.87779447,-87.77494815,138 S AUSTIN BLVD 1
16171150220000,211,41.87770445,-87.77496286,140 S AUSTIN BLVD
16171150230000,211,41.87760382,-87.7749359,142 S AUSTIN BLVD 1
16171150240000,211,41.8774983,-87.77491914,204 S AUSTIN BLVD 2
16171150250000,211,41.87737493,-87.77494615,208 S AUSTIN BLVD
16171150280000,211,41.87698967,-87.77489439,220 S AUSTIN BLVD
16171170180000,211,41.87527059,-87.78214333,727 S HIGHLAND AVE
16171170190000,211,41.875183,-87.7821258,729 S HIGHLAND AVE
16171170260000,211,41.87460774,-87.78277982,744 S CUYLER AVE
16171180060000,211,41.87585107,-87.78163102,710 S HIGHLAND AVE
16171180080000,211,41.8756993,-87.781588,714 S HIGHLAND AVE
16171180170000,211,41.87496297,-87.78160874,736 S HIGHLAND AVE
16171180270000,211,41.87571912,-87.78091335,717 S HARVEY AVE
16171180280000,211,41.87552155,-87.78090936,721 S HARVEY AVE
16171190030000,211,41.87597061,-87.78037908,710 S HARVEY AVE
16171210060000,211,41.87573133,-87.77795339,716 S TAYLOR AVE
16171220050000,211,41.87586527,-87.77664309,712 S LYMAN AVE
16171230090000,211,41.8755001,-87.77542523,724 S HUMPHREY AVE 1
16171230180000,211,41.87626059,-87.77482627,300 S AUSTIN BLVD
16171230190000,211,41.87611518,-87.7748016,306 S AUSTIN BLVD
16171230200000,211,41.87599121,-87.77481579,310 S AUSTIN BLVD
16171230210000,211,41.87587251,-87.77476274,314 S AUSTIN BLVD
16171230220000,211,41.87569549,-87.7747583,318 S AUSTIN BLVD
16171230230000,211,41.87561079,-87.77476584,322 S AUSTIN BLVD
16171230240000,315,41.87544076,-87.77475417,326 S AUSTIN BLVD
16171230250000,315,41.87471748,-87.77483087,336 S AUSTIN BLVD
16171240030000,211,41.87413037,-87.78404539,806 S RIDGELAND AVE
16171240290000,318,41.87275382,-87.78385806,350 HARRISON ST
16171240330000,212,41.87276263,-87.78337322,334 HARRISON ST
16171250160000,211,41.87286431,-87.78271907,842 S CUYLER AVE 12
16171250180000,211,41.87435784,-87.78213221,801 S HIGHLAND AVE
16171260190000,211,41.87279801,-87.7815352,844 S HIGHLAND AVE
16171260210000,211,41.87422576,-87.78086733,805 S HARVEY AVE
16171260260000,211,41.87375072,-87.78086003,819 S HARVEY AVE
16171270020000,211,41.87425523,-87.78028734,804 S HARVEY AVE
16171270180000,212,41.87279797,-87.78039689,226 HARRISON ST
16171270260000,211,41.87385784,-87.77970535,817 S LOMBARD AVE
16171270290000,211,41.87352732,-87.77966367,825 S LOMBARD AVE
16171270530000,212,41.8728187,-87.77990503,210 W HARRISON ST
16171280150000,212,41.87284855,-87.77905334,146 HARRISON ST
16171280160000,318,41.87283557,-87.7789682,144 HARRISON ST
16171280170000,318,41.8728852,-87.77878285,140 HARRISON ST
16171280260000,211,41.87366412,-87.77837097,821 S TAYLOR AVE
16171280350000,212,41.8728471,-87.77825673,126 HARRISON ST
16171290340000,211,41.87311882,-87.77713298,839 S LYMAN AVE
16171290350000,211,41.87302422,-87.77712997,841 S LYMAN AVE
16171290360000,211,41.87285241,-87.77734469,108 W HARRISON ST
16171290370000,318,41.87293535,-87.7770683,845 S LYMAN AVE
16171300160000,211,41.87289147,-87.77650743,40 HARRISON ST
16171310120000,315,41.87288428,-87.77535305,844 S HUMPHREY AVE
16171310130000,391,41.87446318,-87.77471403,404 S AUSTIN BLVD
16171310150000,314,41.87408721,-87.77469603,412 S AUSTIN BLVD
16171310170000,211,41.87382048,-87.77475719,420 S AUSTIN BLVD 01
16171310220000,315,41.87321337,-87.77473876,514 S AUSTIN BLVD
16173000070000,212,41.87247083,-87.78340677,331 HARRISON ST
16173000080000,318,41.87242807,-87.78321789,327 HARRISON ST
16173000310000,212,41.87252129,-87.7837301,339 HARRISON ST
16173000320000,212,41.87247172,-87.78359248,335 W HARRISON ST
16173010010000,318,41.87246826,-87.78284464,321 HARRISON ST
16173010020000,211,41.87251634,-87.78253056,315 HARRISON ST
16173010040000,313,41.87247995,-87.78229709,309 HARRISON ST
16173010050000,313,41.872513,-87.78225628,307 HARRISON ST
16173010060000,315,41.87237034,-87.78194288,301 HARRISON ST
16173020080000,315,41.87254086,-87.78092945,235 HARRISON ST
16173020090000,315,41.87255005,-87.78084346,231 HARRISON ST
16173020110000,318,41.87248436,-87.78059202,225 HARRISON ST
16173020200000,211,41.87194684,-87.78110275,238 FLOURNOY ST 1
16173020230000,211,41.87201222,-87.78071387,230 FLOURNOY ST 1
16173020240000,211,41.87199891,-87.78056767,226 FLOURNOY ST 1
16173020310000,212,41.87241286,-87.77955563,905 S LOMBARD AVE
16173020360000,211,41.87189196,-87.7797148,919 S LOMBARD AVE
16173020370000,211,41.87253918,-87.78150325,900 S HIGHLAND AVE
16173040010000,212,41.87258189,-87.77913141,149 HARRISON ST
16173040020000,211,41.87235278,-87.77913658,908 S LOMBARD AVE
16173040030000,212,41.87258548,-87.7788949,147 HARRISON ST 1E
16173040040000,212,41.87259034,-87.77880603,141 HARRISON ST
16173040050000,315,41.87237597,-87.77868802,137 HARRISON ST
16173040090000,211,41.87201614,-87.77908134,916 S LOMBARD AVE
16173050030000,211,41.87257922,-87.7776011,117 HARRISON ST
16173050040000,211,41.87257932,-87.77741557,111 HARRISON ST
16173050050000,315,41.87257973,-87.77723021,107 HARRISON ST 107B
16173050060000,315,41.87257963,-87.77700775,101 HARRISON ST
16173050330000,315,41.8725924,-87.77787613,900 TAYLOR
16173060010000,318,41.87263514,-87.77654665,45 HARRISON ST
16173060020000,315,41.87258804,-87.77622884,37 HARRISON ST
16173060030000,318,41.8726389,-87.77577806,27 HARRISON ST
16173070010000,318,41.8726141,-87.77532045,21 HARRISON ST
16173070030000,212,41.87262983,-87.77505098,11 HARRISON ST
16173070040000,212,41.87255808,-87.7749528,9 HARRISON ST 2S
16173070210000,315,41.87208318,-87.77470504,618 S AUSTIN BLVD
16173070220000,315,41.87186899,-87.7748299,632 S AUSTIN BLVD
16173110340000,211,41.86920679,-87.77953629,206 HARVARD ST
16173130050000,315,41.87033332,-87.77730759,111 GARFIELD ST
16173140010000,211,41.87036208,-87.77655215,47 GARFIELD ST
16173140030000,315,41.87022563,-87.77629503,41 GARFIELD ST
16173140040000,211,41.87033374,-87.77617958,39 GARFIELD ST
16173140050000,211,41.87040745,-87.77585227,1001 S HUMPHREY AVE
16173140060000,211,41.87032912,-87.77584933,1005 S HUMPHREY AVE
16173140070000,211,41.87023459,-87.77584654,1007 S HUMPHREY AVE
16173140080000,211,41.87014816,-87.77584368,1011 S HUMPHREY AVE 1
16173140200000,211,41.8699917,-87.7758125,1019 S HUMPHREY AVE
16173140230000,211,41.86971749,-87.77578201,1027 S HUMPHREY AVE
16173150010000,211,41.87035758,-87.77537807,1016 S HUMPHREY AVE
16173150020000,211,41.87037857,-87.77516195,17 GARFIELD ST 1E
16173150030000,211,41.87036381,-87.77498744,13 GARFIELD ST
16173150040000,211,41.87035352,-87.77485435,7 GARFIELD ST
16173150080000,211,41.8698502,-87.77523337,1022 S HUMPHREY AVE
16173150160000,315,41.86989847,-87.77474119,814 S AUSTIN BLVD
16173150170000,315,41.86961045,-87.77462041,822 S AUSTIN BLVD
16173150180000,315,41.86923481,-87.77460231,834 S AUSTIN BLVD
16173150200000,211,41.87003956,-87.77454713,810 S AUSTIN BLVD
16173170230000,211,41.868546,-87.78189245,1111 S HIGHLAND AVE
16173170340000,211,41.86765487,-87.78187745,1137 S HIGHLAND AVE
16173180170000,211,41.8675455,-87.78132402,1140 S HIGHLAND AVE
16173180380000,211,41.86745469,-87.78061883,1141 S HARVEY AVE 2
16173200010000,211,41.86892959,-87.7789011,1100 S LOMBARD AVE
16173200100000,211,41.86824336,-87.77883834,1120 S LOMBARD AVE
16173200110000,211,41.86817032,-87.77881367,1122 S LOMBARD AVE
16173200120000,211,41.86809741,-87.7788143,1124 S LOMBARD AVE
16173200130000,211,41.86802191,-87.77883664,1126 S LOMBARD AVE
16173200140000,211,41.86793278,-87.7788338,1130 S LOMBARD AVE
16173200150000,211,41.86784633,-87.77882732,1132 S LOMBARD AVE
16173200180000,211,41.86763021,-87.7788111,1138 S LOMBARD AVE 1
16173200260000,211,41.86851869,-87.7782539,1113 S TAYLOR AVE
16173200300000,211,41.86823765,-87.77821657,1121 S TAYLOR AVE
16173210310000,211,41.86819688,-87.77698007,1123 S LYMAN AVE
16173220250000,211,41.86842253,-87.77575148,1117 S HUMPHREY AVE 2
16173230160000,211,41.86772665,-87.77517419,1136 S HUMPHREY AVE
16173230260000,211,41.86859041,-87.77444609,914 S AUSTIN BLVD
16173230290000,211,41.86823395,-87.77443416,924 S AUSTIN BLVD
16173230320000,315,41.86785491,-87.77468496,1000 S AUSTIN BLVD
16173230330000,314,41.86762134,-87.77452626,1008 S AUSTIN BLVD
16173230340000,314,41.86755129,-87.77451535,1010 S AUSTIN BLVD
16173240350000,212,41.86544193,-87.78351421,6340 ROOSEVELT RD
16173240370000,212,41.86562707,-87.78320065,6332 ROOSEVELT RD
16173250440000,211,41.86605564,-87.78247047,1178 S CUYLER AVE
16173270040000,211,41.86685055,-87.78006791,1158 S HARVEY AVE
16173270290000,211,41.86627302,-87.77939044,1173 S LOMBARD AVE
16173270350000,212,41.86551684,-87.78000591,6222 ROOSEVELT RD
16173270360000,212,41.86553576,-87.77993052,6216 ROOSEVELT RD
16173270400000,212,41.86554856,-87.77930546,6200 ROOSEVELT RD
16173280330000,212,41.86562481,-87.77861517,6140 ROOSEVELT RD
16173280350000,318,41.86577075,-87.77795925,6126 ROOSEVELT RD
16173290220000,211,41.86668229,-87.77690603,1163 S LYMAN AVE
16173290240000,211,41.86644462,-87.77690086,1171 S LYMAN AVE
16173290300000,318,41.86557125,-87.77746367,6120 W ROOSEVELT RD
16173290310000,212,41.86557342,-87.77738285,6114 ROOSEVELT RD
16173290320000,212,41.86557021,-87.77727804,6112 ROOSEVELT RD
16173290330000,212,41.86558056,-87.77718396,6110 ROOSEVELT RD
16173290340000,212,41.86559897,-87.77708258,6108 ROOSEVELT RD
16173300010000,211,41.86705232,-87.77636139,1152 S LYMAN AVE 3
16173300170000,211,41.86697077,-87.77569329,1155 S HUMPHREY AVE
16173300210000,211,41.8666358,-87.77567089,1165 S HUMPHREY AVE
16173300260000,211,41.8661388,-87.77564991,1179 S HUMPHREY AVE
16173300310000,212,41.8656196,-87.776128,6040 ROOSEVELT RD
16173300350000,212,41.86564762,-87.77578071,6032 ROOSEVELT RD
16173300360000,212,41.86564711,-87.77567587,6030 ROOSEVELT RD
16173300370000,212,41.86561409,-87.77554963,6026 ROOSEVELT RD
16173300380000,211,41.8665333,-87.77569709,1167 S HUMPHREY AVE
16173310150000,211,41.86692107,-87.77448858,1028 S AUSTIN BLVD 1
16173310160000,211,41.86679469,-87.77447013,1032 S AUSTIN BLVD
16173310190000,211,41.86651907,-87.77443466,1106 S AUSTIN BLVD
16173310200000,211,41.86644615,-87.7744353,1108 S AUSTIN BLVD
16173310210000,211,41.86635502,-87.77444565,1110 S AUSTIN BLVD
16173310220000,211,41.8662371,-87.77435537,1114 S AUSTIN BLVD
16173310230000,315,41.86613241,-87.77445736,1126 S AUSTIN BLVD
16181000010000,212,41.87941751,-87.80453569,1147 MADISON ST
16181020010000,318,41.87935421,-87.80214802,1049 MADISON ST
16181030050000,212,41.87952253,-87.8004265,1011 MADISON ST
16181030060000,212,41.87952508,-87.80031872,1007 MADISON ST
16181030070000,212,41.87952912,-87.80010079,1001 MADISON ST
16181050010000,314,41.87954223,-87.79853589,500 MADISON ST
16181060130000,211,41.87916353,-87.79650368,515 CARPENTER AVE
16181080210000,211,41.87880738,-87.79452231,523 S OAK PARK AVE
16181080230000,211,41.87849031,-87.79455966,529 S OAK PARK AVE
16181090080000,315,41.87707109,-87.80406008,631 S MAPLE AVE
16181090090000,314,41.87692308,-87.80407114,633 S MAPLE AVE
16181090170000,211,41.87630402,-87.80403013,713 S MAPLE AVE
16181100180000,211,41.87723551,-87.80257232,625 WISCONSIN AVE
16181100190000,211,41.87709951,-87.80257344,629 WISCONSIN AVE
16181120100000,211,41.87714181,-87.80065658,630 WENONAH AVE
16181170040000,211,41.87752476,-87.79508353,608 S GROVE AVE
16181170140000,211,41.87779874,-87.79449846,601 S OAK PARK AVE
16181180020000,315,41.87649185,-87.80337529,706 S MAPLE AVE 1
16181190070000,211,41.87618721,-87.80191101,714 WISCONSIN AVE
16181190130000,211,41.8766777,-87.80133336,701 WENONAH AVE
16181240100000,315,41.8757317,-87.7960105,730 CARPENTER AVE
16181250030000,211,41.87568799,-87.79504566,708 S GROVE AVE
16181250040000,211,41.87556261,-87.79504671,716 S GROVE AVE
16181250100000,211,41.87473836,-87.79501496,738 S GROVE AVE
16181250170000,211,41.87555973,-87.79443431,713 S OAK PARK AVE
16181250190000,211,41.87529746,-87.79437716,721 S OAK PARK AVE
16181250200000,211,41.87516837,-87.79437825,725 S OAK PARK AVE
16181250240000,211,41.87459671,-87.79438962,741 S OAK PARK AVE
16181250250000,211,41.87445454,-87.79442628,745 S OAK PARK AVE
16181270050000,211,41.87480655,-87.80336562,812 S MAPLE AVE
16181270070000,211,41.87451722,-87.80335236,820 S MAPLE AVE
16181270080000,211,41.87439737,-87.80334162,822 S MAPLE AVE
16181270100000,211,41.87410216,-87.80332059,832 S MAPLE AVE 2N
16181280010000,211,41.87524539,-87.80187105,800 WISCONSIN AVE
16181290190000,211,41.87525283,-87.80002062,801 HOME AVE
16181320230000,211,41.87535229,-87.79634766,801 CARPENTER AVE
16181320250000,211,41.87507197,-87.79635,809 CARPENTER AVE
16181320300000,211,41.87451988,-87.79632235,825 CARPENTER AVE
16181320320000,211,41.87424241,-87.79630779,833 CARPENTER AVE
16181330030000,211,41.8751079,-87.7959714,808 CARPENTER AVE
16181330040000,211,41.87494023,-87.79596658,812 CARPENTER AVE
16181330230000,211,41.87432034,-87.7955376,831 S GROVE AVE
16181340220000,211,41.873082,-87.79548926,830 HARRISON ST
16181350110000,318,41.87298611,-87.79472389,812 HARRISON ST
16181350150000,212,41.87370155,-87.7942315,813 S OAK PARK AVE
16181350160000,318,41.87362061,-87.79423286,823 S OAK PARK AVE
16181350190000,318,41.87295471,-87.79432729,841 S OAK PARK AVE
16181350210000,318,41.87415364,-87.79421453,801 VAN BUREN ST
16182000060000,211,41.87917021,-87.79390386,512 S OAK PARK AVE
16182000080000,211,41.87887724,-87.79395385,520 S OAK PARK AVE
16182000180000,211,41.87919534,-87.79333842,515 S EUCLID AVE
16182000190000,211,41.87910304,-87.79332451,517 S EUCLID AVE
16182020010000,318,41.87951821,-87.79161289,649 MADISON ST
16182020030000,212,41.8795557,-87.79136153,641 MADISON ST
16182020050000,212,41.87962809,-87.79101636,633 MADISON ST
16182030030000,211,41.87955978,-87.79023444,617 MADISON ST
16182030080000,212,41.8796159,-87.78960652,603 MADISON ST
16182030300000,211,41.8784762,-87.78958936,535 S EAST AVE
16182040150000,211,41.87846094,-87.78902939,534 S EAST AVE
16182040250000,211,41.87887095,-87.788349,525 S SCOVILLE AVE
16182040400000,211,41.87940162,-87.78920163,508 S EAST AVE
16182050060000,212,41.87971227,-87.78758653,513 MADISON ST
16182050090000,212,41.87972312,-87.78705711,501 MADISON ST
16182050180000,211,41.87865226,-87.78775567,530 S SCOVILLE AVE
16182050360000,211,41.87826774,-87.78713722,543 GUNDERSON AVE 2
16182050390000,211,41.87939667,-87.78780584,508 S SCOVILLE AVE 1
16182060010000,391,41.87964626,-87.78664426,435 MADISON ST
16182060020000,391,41.8797321,-87.78643022,435 MADISON ST
16182080010000,211,41.87780824,-87.79384307,600 S OAK PARK AVE
16182080020000,211,41.87767208,-87.79387329,604 S OAK PARK AVE 1
16182090010000,211,41.87780632,-87.79264068,600 S EUCLID AVE
16182090150000,211,41.87626846,-87.79261378,646 S EUCLID AVE
16182110190000,211,41.87787734,-87.7894774,603 S EAST AVE
16182120160000,211,41.87638693,-87.78906082,644 S EAST AVE
16182130040000,211,41.87763327,-87.78777071,608 S SCOVILLE AVE
16182130230000,211,41.87737243,-87.78712931,619 GUNDERSON AVE
16182130360000,211,41.87651865,-87.78701278,502 JACKSON BLVD
16182160140000,211,41.87483213,-87.79377517,736 S OAK PARK AVE
16182160190000,211,41.87443364,-87.79370533,746 S OAK PARK AVE
16182160350000,211,41.87448498,-87.79310704,745 S EUCLID AVE
16182170100000,211,41.8747709,-87.79249309,736 S EUCLID AVE
16182180300000,211,41.87491811,-87.79072627,735 CLARENCE AVE
16182180310000,211,41.87477218,-87.79067323,737 CLARENCE AVE
16182180320000,315,41.87448011,-87.79082371,741 CLARENCE AVE
16182190240000,211,41.87537178,-87.78949585,721 S EAST AVE
16182200190000,211,41.87580296,-87.78826427,709 S SCOVILLE AVE
16182210170000,211,41.87609041,-87.78706806,701 GUNDERSON AVE 1
16182210310000,211,41.87471633,-87.78701652,741 GUNDERSON AVE
16182210320000,211,41.87458615,-87.78702872,743 GUNDERSON AVE 1ST
16182240040000,212,41.87378375,-87.79377833,810 S OAK PARK AVE
16182240090000,315,41.87413515,-87.79309409,801 S EUCLID AVE
16182240100000,211,41.87375733,-87.79309988,813 S EUCLID AVE
16182240110000,211,41.87365646,-87.79310073,815 S EUCLID AVE
16182240120000,211,41.87357655,-87.79309015,819 S EUCLID AVE
16182240130000,211,41.87348826,-87.79308527,821 S EUCLID AVE
16182240140000,211,41.87339159,-87.79308608,823 S EUCLID AVE
16182240150000,211,41.87330333,-87.79308682,827 S EUCLID AVE 1
16182240160000,211,41.87320503,-87.79296944,829 S EUCLID AVE
16182250010000,211,41.8741786,-87.79252717,800 S EUCLID AVE
16182250020000,211,41.87406625,-87.7925313,804 S EUCLID AVE
16182250170000,211,41.87417397,-87.79193214,801 WESLEY AVE
16182260320000,315,41.87290483,-87.79099872,642 HARRISON ST
16182260370000,391,41.87266713,-87.79051101,628 HARRISON
16182270240000,212,41.87268567,-87.78926261,847 S EAST AVE
16182270260000,315,41.87292306,-87.78992676,912 HARRISON
16182280320000,211,41.87266911,-87.78818205,845 S SCOVILLE AVE
16182290190000,211,41.87390799,-87.7870095,811 GUNDERSON AVE
16182290200000,211,41.87379876,-87.78701043,815 GUNDERSON AVE
16182290210000,211,41.87369788,-87.78701129,817 GUNDERSON AVE
16182290290000,314,41.87285181,-87.78746398,516 HARRISON ST
16182290310000,314,41.87283524,-87.78724987,512 HARRISON ST
16183010070000,211,41.8715879,-87.80331073,916 S MAPLE AVE 1ST
16183020040000,212,41.87216848,-87.80140003,1045 GARFIELD ST
16183020250000,211,41.87180162,-87.8009469,913 WENONAH AVE
16183020260000,211,41.8717089,-87.80094767,917 WENONAH AVE
16183020370000,211,41.87064241,-87.80089962,947 WENONAH AVE
16183030250000,211,41.87155894,-87.7994987,921 HOME AVE
16183030340000,211,41.87072246,-87.79950885,947 HOME AVE
16183030370000,212,41.87223834,-87.79938214,1001 GARFIELD ST
16183040010000,318,41.8719848,-87.79905299,951 GARFIELD ST
16183040030000,315,41.87208939,-87.79830696,901 CLINTON AVE
16183050010000,314,41.87224353,-87.79749998,921 GARFIELD ST
16183060180000,315,41.8720588,-87.79561734,901 S GROVE AVE
16183060290000,211,41.87099744,-87.79557261,937 S GROVE AVE
16183060300000,211,41.8709135,-87.79555984,941 S GROVE AVE
16183070050000,212,41.87195926,-87.79480134,815 GARFIELD ST
16183070170000,212,41.87195093,-87.79411135,901 S OAK PARK AVE
16183070180000,212,41.87186941,-87.79424498,903 S OAK PARK AVE
16183070190000,212,41.87177539,-87.79423229,905 S OAK PARK AVE
16183070200000,212,41.87168087,-87.79420848,909 S OAK PARK AVE
16183070250000,211,41.87110463,-87.79430663,925 S OAK PARK AVE
16183090040000,211,41.8697929,-87.80319853,1016 S MAPLE AVE
16183090050000,211,41.86970612,-87.80319925,1018 S MAPLE AVE
16183090060000,211,41.86960891,-87.80319541,1022 S MAPLE AVE
16183090070000,211,41.86951168,-87.80318692,1030 S MAPLE AVE
16183090080000,211,41.86938764,-87.80318043,1032 S MAPLE AVE
16183090210000,211,41.8695251,-87.802334,1025 WISCONSIN AVE
16183130160000,211,41.86888821,-87.79754802,1046 CLINTON AVE 1
16183150050000,211,41.86993411,-87.79494702,1016 S GROVE AVE
16183150150000,211,41.86895419,-87.79492829,1044 S GROVE AVE
16183150230000,315,41.86982109,-87.79448167,1019 S OAK PARK AVE
16183150250000,211,41.86955489,-87.7942237,1029 S OAK PARK AVE
16183150260000,211,41.86944501,-87.79421882,1031 S OAK PARK AVE 1
16183150360000,211,41.86908003,-87.79417842,1041 S OAK PARK AVE
16183170250000,211,41.86774922,-87.80079638,1125 WENONAH AVE
16183220160000,211,41.86733768,-87.79482871,1138 S GROVE AVE
16183220200000,211,41.86866699,-87.79419006,1101 S OAK PARK AVE
16183220210000,211,41.86857486,-87.79419436,1105 S OAK PARK AVE
16183220220000,211,41.86847216,-87.7941917,1107 S OAK PARK AVE
16183220230000,211,41.86838529,-87.79419595,1109 S OAK PARK AVE
16183220240000,211,41.86827462,-87.79417926,1113 S OAK PARK AVE
16183220250000,211,41.86819823,-87.79417285,1115 S OAK PARK AVE 1
16183220260000,211,41.86806142,-87.79419515,1117 S OAK PARK AVE
16183220340000,211,41.86756786,-87.79401604,1133 S OAK PARK AVE
16183220350000,211,41.86752165,-87.79419616,1135 S OAK PARK AVE
16183230230000,211,41.86568278,-87.80210497,1181 WISCONSIN AVE
16183270170000,211,41.86677392,-87.79698269,1151 S KENILWORTH AVE
16183270300000,318,41.86545467,-87.79655995,6900 ROOSEVELT RD
16183280330000,211,41.86549143,-87.79607988,1190 S KENILWORTH AVE
16183280350000,211,41.86527135,-87.7960725,1196 S KENILWORTH AVE
16183290150000,315,41.86682521,-87.79398453,1151 S OAK PARK AVE
16183290270000,211,41.86572883,-87.79392342,1183 S OAK PARK AVE 1N
16183290340000,212,41.86534081,-87.79438579,6810 ROOSEVELT RD
16183290370000,212,41.86536316,-87.79410007,6804 ROOSEVELT RD
16183290390000,212,41.86534656,-87.79392748,6800 ROOSEVELT RD
16183290430000,211,41.86648882,-87.79399723,1161 S OAK PARK AVE
16184020020000,212,41.87249672,-87.78507901,417 HARRISON ST
16184020030000,212,41.87249871,-87.78499032,415 HARRISON ST
16184020040000,212,41.87244659,-87.78484375,411 HARRISON ST
16184030010000,318,41.87169573,-87.79377272,900 S OAK PARK AVE
16184030090000,318,41.87075878,-87.79356835,964 S OAK PARK AVE
16184030180000,211,41.87185154,-87.79337388,737 GARFIELD ST
16184030190000,211,41.8718189,-87.79320589,733 GARFIELD ST
16184030220000,211,41.87180102,-87.79299035,901 S EUCLID AVE
16184030270000,211,41.87169627,-87.79298777,909 S EUCLID AVE
16184030280000,211,41.87153911,-87.79298344,915 S EUCLID AVE
16184040060000,315,41.87164558,-87.79200892,907 WESLEY AVE
16184040070000,211,41.87141528,-87.79250346,928 S EUCLID AVE 2
16184050040000,211,41.87104916,-87.79121016,940 WESLEY AVE
16184050060000,211,41.8708511,-87.79119386,946 WESLEY AVE
16184070010000,211,41.87048529,-87.79340212,1000 S OAK PARK AVE
16184070050000,211,41.87004677,-87.79362595,1014 S OAK PARK AVE
16184070100000,315,41.8694304,-87.79340393,1028 S OAK PARK AVE
16184070120000,211,41.8692364,-87.79359233,1038 S OAK PARK AVE
16184070130000,211,41.8691458,-87.79359309,1040 S OAK PARK AVE
16184070140000,211,41.86904659,-87.79358045,1042 S OAK PARK AVE
16184070150000,211,41.86894253,-87.79357234,1046 S OAK PARK AVE
16184080190000,211,41.87054671,-87.79179972,1001 WESLEY AVE
16184080200000,211,41.87045749,-87.79179525,1005 WESLEY AVE
16184080280000,211,41.86988554,-87.79175384,1021 WESLEY AVE
16184080370000,211,41.86908019,-87.79175165,1045 WESLEY AVE
16184090090000,211,41.86988666,-87.79118775,1020 WESLEY AVE
16184090100000,211,41.86978935,-87.79118857,1022 WESLEY AVE
16184100290000,211,41.86989266,-87.78930041,1021 S EAST AVE
16184110040000,211,41.86989693,-87.78869329,1020 S EAST AVE 1
16184110050000,211,41.86976942,-87.78869437,1024 S EAST AVE
16184110230000,211,41.86956459,-87.78805031,1031 S SCOVILLE AVE
16184110460000,211,41.86906615,-87.7874634,1046 S SCOVILLE AVE
16184110510000,211,41.86981965,-87.78684859,1025 GUNDERSON AVE
16184120280000,315,41.87125832,-87.78561461,429 GARFIELD ST
16184130450000,211,41.86951232,-87.78441108,1035 S RIDGELAND AVE
16184130610000,211,41.87114777,-87.78520662,938 S ELMWOOD AVE
16184140010000,211,41.86867671,-87.79356317,1100 S OAK PARK AVE
16184140020000,211,41.86857411,-87.79358165,1104 S OAK PARK AVE
16184140030000,211,41.86847138,-87.79357194,1106 S OAK PARK AVE
16184140040000,211,41.86836598,-87.7935552,1110 S OAK PARK AVE
16184140050000,211,41.86826594,-87.79355957,1112 S OAK PARK AVE
16184140060000,211,41.86815798,-87.79355695,1116 S OAK PARK AVE
16184140070000,211,41.86805787,-87.79354722,1118 S OAK PARK AVE
16184140080000,211,41.86794464,-87.79354465,1122 S OAK PARK AVE
16184140090000,211,41.86785246,-87.79353837,1124 S OAK PARK AVE
16184140110000,211,41.86763652,-87.79353314,1130 S OAK PARK AVE
16184140120000,211,41.86754169,-87.79352336,1134 S OAK PARK AVE
16184140130000,211,41.8674627,-87.79352403,1136 S OAK PARK AVE
16184170340000,211,41.86723191,-87.78918937,1145 S EAST AVE
16184170360000,211,41.86872884,-87.78970145,613 HARVARD ST
16184180020000,211,41.86865929,-87.78871139,1104 S EAST AVE
16184180030000,211,41.86856055,-87.7887009,1106 S EAST AVE
16184180040000,211,41.86846175,-87.78867908,1110 S EAST AVE
16184180080000,211,41.86801076,-87.78871689,1122 S EAST AVE
16184190360000,211,41.86728442,-87.7869673,510 FILLMORE ST
16184210160000,211,41.86761195,-87.78500682,1136 S ELMWOOD AVE
16184220050000,315,41.86656059,-87.79332902,1160 S OAK PARK AVE
16184220060000,315,41.86641986,-87.79351822,1164 S OAK PARK AVE
16184220070000,315,41.86625783,-87.79332686,1170 S OAK PARK AVE
16184220080000,315,41.86609506,-87.79330605,1174 S OAK PARK AVE
16184220090000,211,41.86595787,-87.79348876,1176 S OAK PARK AVE
16184220100000,211,41.8658737,-87.79350709,1180 S OAK PARK AVE
16184220110000,211,41.86578943,-87.79350428,1182 S OAK PARK AVE
16184220120000,211,41.86570252,-87.79350148,1184 S OAK PARK AVE
16184240200000,211,41.86657861,-87.79038637,1161 CLARENCE AVE 2
16184240360000,212,41.86543938,-87.79071538,6636 ROOSEVELT RD
16184250390000,212,41.8653556,-87.78902676,6600 ROOSEVELT RD
16184260420000,211,41.86687333,-87.78797424,1153 S SCOVILLE AVE
16184270300000,211,41.8661395,-87.78668813,1175 GUNDERSON AVE
